Node ID,Functional Group
0,0
1,0
2,0
3,0
4,0
5,0
6,0
7,0
8,0
9,0
10,0
11,0
12,0
13,0
14,0
15,0
16,0
17,0
18,0
19,0
20,0
21,0
22,0
23,0
24,0
25,0
26,0
27,0
28,0
29,0
30,0
31,0
32,0
33,0
34,0
35,0
36,0
37,0
38,0
39,0
40,0
41,0
42,0
43,0
44,0
45,0
46,0
47,0
48,0
49,0
50,0
51,0
52,0
53,0
54,0
55,0
56,0
57,0
58,0
59,0
60,0
61,0
62,0
63,0
64,0
65,0
66,0
67,0
68,0
69,0
70,0
71,0
72,0
73,0
74,0
75,0
76,0
77,0
78,0
79,0
80,0
81,0
82,0
83,0
84,0
85,0
86,0
87,0
88,0
89,0
90,0
91,0
92,0
93,0
94,0
95,0
96,0
97,0
98,0
99,0
100,0
101,1
102,1
103,1
104,1
105,1
106,1
107,1
108,1
109,1
110,1
111,1
112,1
113,1
114,1
115,1
116,1
117,1
118,1
119,1
120,1
121,1
122,1
123,1
124,1
125,1
126,1
127,1
128,1
129,1
130,1
131,1
132,1
133,1
134,1
135,1
136,1
137,1
138,1
139,1
140,1
141,1
142,1
143,1
144,1
145,1
146,1
147,1
148,1
149,1
150,1
151,1
152,1
153,1
154,1
155,1
156,1
157,1
158,1
159,1
160,1
161,1
162,1
163,1
164,1
165,1
166,1
167,1
168,1
169,1
170,1
171,1
172,1
173,1
174,1
175,1
176,1
177,1
178,1
179,1
180,1
181,1
182,1
183,1
184,1
185,1
186,1
187,1
188,1
189,1
190,1
191,1
192,1
193,1
194,1
195,1
196,1
197,1
198,1
199,1
200,1
201,1
202,2
203,2
204,2
205,2
206,2
207,2
208,2
209,2
210,2
211,2
212,2
213,2
214,2
215,2
216,2
217,2
218,2
219,2
220,2
221,2
222,2
223,2
224,2
225,2
226,2
227,2
228,2
229,2
230,2
231,2
232,2
233,2
234,2
235,2
236,2
237,2
238,2
239,2
240,2
241,2
242,2
243,2
244,2
245,2
246,2
247,2
248,2
249,2
250,2
251,2
252,2
253,2
254,2
255,2
256,2
257,2
258,2
259,2
260,2
261,2
262,2
263,2
264,2
265,2
266,2
267,2
268,2
269,2
270,2
271,2
272,2
273,2
274,2
275,2
276,2
277,2
278,2
279,2
280,2
281,2
282,2
283,2
284,2
285,2
286,2
287,2
288,2
289,2
290,2
291,2
292,2
293,2
294,2
295,2
296,2
297,2
298,2
299,2
300,2
301,2
302,2
303,3
304,3
305,3
306,3
307,3
308,3
309,3
310,3
311,3
312,3
313,3
314,3
315,3
316,3
317,3
318,3
319,3
320,3
321,3
322,3
323,3
324,3
325,3
326,3
327,3
328,3
329,3
330,3
331,3
332,3
333,3
334,3
335,3
336,3
337,3
338,3
339,3
340,3
341,3
342,3
343,3
344,3
345,3
346,3
347,3
348,3
349,3
350,3
351,3
352,3
353,3
354,3
355,3
356,3
357,3
358,3
359,3
360,3
361,3
362,3
363,3
364,3
365,3
366,3
367,3
368,3
369,3
370,3
371,3
372,3
373,3
374,3
375,3
376,3
377,3
378,3
379,3
380,3
381,3
382,3
383,3
384,3
385,3
386,3
387,3
388,3
389,3
390,3
391,3
392,3
393,3
394,3
395,3
396,3
397,3
398,3
399,3
400,3
401,3
402,3
403,3
404,4
405,4
406,4
407,4
408,4
409,4
410,4
411,4
412,4
413,4
414,4
415,4
416,4
417,4
418,4
419,4
420,4
421,4
422,4
423,4
424,4
425,4
426,4
427,4
428,4
429,4
430,4
431,4
432,4
433,4
434,4
435,4
436,4
437,4
438,4
439,4
440,4
441,4
442,4
443,4
444,4
445,4
446,4
447,4
448,4
449,4
450,4
451,4
452,4
453,4
454,4
455,4
456,4
457,4
458,4
459,4
460,4
461,4
462,4
463,4
464,4
465,4
466,4
467,4
468,4
469,4
470,4
471,4
472,4
473,4
474,4
475,4
476,4
477,4
478,4
479,4
480,4
481,4
482,4
483,4
484,4
485,4
486,4
487,4
488,4
489,4
490,4
491,4
492,4
493,4
494,4
495,4
496,4
497,4
498,4
499,4
500,4
501,4
502,4
503,4
504,4
505,5
506,5
507,5
508,5
509,5
510,5
511,5
512,5
513,5
514,5
515,5
516,5
517,5
518,5
519,5
520,5
521,5
522,5
523,5
524,5
525,5
526,5
527,5
528,5
529,5
530,5
531,5
532,5
533,5
534,5
535,5
536,5
537,5
538,5
539,5
540,5
541,5
542,5
543,5
544,5
545,5
546,5
547,5
548,5
549,5
550,5
551,5
552,5
553,5
554,5
555,5
556,5
557,5
558,5
559,5
560,5
561,5
562,5
563,5
564,5
565,5
566,5
567,5
568,5
569,5
570,5
571,5
572,5
573,5
574,5
575,5
576,5
577,5
578,5
579,5
580,5
581,5
582,5
583,5
584,5
585,5
586,5
587,5
588,5
589,5
590,5
591,5
592,5
593,5
594,5
595,5
596,5
597,5
598,5
599,5
600,5
601,5
602,5
603,5
604,5
605,5
606,6
607,6
608,6
609,6
610,6
611,6
612,6
613,6
614,6
615,6
616,6
617,6
618,6
619,6
620,6
621,6
622,6
623,6
624,6
625,6
626,6
627,6
628,6
629,6
630,6
631,6
632,6
633,6
634,6
635,6
636,6
637,6
638,6
639,6
640,6
641,6
642,6
643,6
644,6
645,6
646,6
647,6
648,6
649,6
650,6
651,6
652,6
653,6
654,6
655,6
656,6
657,6
658,6
659,6
660,6
661,6
662,6
663,6
664,6
665,6
666,6
667,6
668,6
669,6
670,6
671,6
672,6
673,6
674,6
675,6
676,6
677,6
678,6
679,6
680,6
681,6
682,6
683,6
684,6
685,6
686,6
687,6
688,6
689,6
690,6
691,6
692,6
693,6
694,6
695,6
696,6
697,6
698,6
699,6
700,6
701,6
702,6
703,6
704,6
705,6
706,6
707,7
708,7
709,7
710,7
711,7
712,7
713,7
714,7
715,7
716,7
717,7
718,7
719,7
720,7
721,7
722,7
723,7
724,7
725,7
726,7
727,7
728,7
729,7
730,7
731,7
732,7
733,7
734,7
735,7
736,7
737,7
738,7
739,7
740,7
741,7
742,7
743,7
744,7
745,7
746,7
747,7
748,7
749,7
750,7
751,7
752,7
753,7
754,7
755,7
756,7
757,7
758,7
759,7
760,7
761,7
762,7
763,7
764,7
765,7
766,7
767,7
768,7
769,7
770,7
771,7
772,7
773,7
774,7
775,7
776,7
777,7
778,7
779,7
780,7
781,7
782,7
783,7
784,7
785,7
786,7
787,7
788,7
789,7
790,7
791,7
792,7
793,7
794,7
795,7
796,7
797,7
798,7
799,7
800,7
801,7
802,7
803,7
804,7
805,7
806,7
807,7
808,8
809,8
810,8
811,8
812,8
813,8
814,8
815,8
816,8
817,8
818,8
819,8
820,8
821,8
822,8
823,8
824,8
825,8
826,8
827,8
828,8
829,8
830,8
831,8
832,8
833,8
834,8
835,8
836,8
837,8
838,8
839,8
840,8
841,8
842,8
843,8
844,8
845,8
846,8
847,8
848,8
849,8
850,8
851,8
852,8
853,8
854,8
855,8
856,8
857,8
858,8
859,8
860,8
861,8
862,8
863,8
864,8
865,8
866,8
867,8
868,8
869,8
870,8
871,8
872,8
873,8
874,8
875,8
876,8
877,8
878,8
879,8
880,8
881,8
882,8
883,8
884,8
885,8
886,8
887,8
888,8
889,8
890,8
891,8
892,8
893,8
894,8
895,8
896,8
897,8
898,8
899,8
900,8
901,8
902,8
903,8
904,8
905,8
906,8
907,8
908,9
909,9
910,9
911,9
912,9
913,9
914,9
915,9
916,9
917,9
918,9
919,9
920,9
921,9
922,9
923,9
924,9
925,9
926,9
927,9
928,9
929,9
930,9
931,9
932,9
933,9
934,9
935,9
936,9
937,9
938,9
939,9
940,9
941,9
942,9
943,9
944,9
945,9
946,9
947,9
948,9
949,9
950,9
951,9
952,9
953,9
954,9
955,9
956,9
957,9
958,9
959,9
960,9
961,9
962,9
963,9
964,9
965,9
966,9
967,9
968,9
969,9
970,9
971,9
972,9
973,9
974,9
975,9
976,9
977,9
978,9
979,9
980,9
981,9
982,9
983,9
984,9
985,9
986,9
987,9
988,9
989,9
990,9
991,9
992,9
993,9
994,9
995,9
996,9
997,9
998,9
999,9
1000,9
1001,9
1002,9
1003,9
1004,9
1005,9
1006,9
1007,9
1008,10
1009,10
1010,10
1011,10
1012,10
1013,10
1014,10
1015,10
1016,10
1017,10
1018,10
1019,10
1020,10
1021,10
1022,10
1023,10
1024,10
1025,10
1026,10
1027,10
1028,10
1029,10
1030,10
1031,10
1032,10
1033,10
1034,10
1035,10
1036,10
1037,10
1038,10
1039,10
1040,10
1041,10
1042,10
1043,10
1044,10
1045,10
1046,10
1047,10
1048,10
1049,10
1050,10
1051,10
1052,10
1053,10
1054,10
1055,10
1056,10
1057,10
1058,10
1059,10
1060,10
1061,10
1062,10
1063,10
1064,10
1065,10
1066,10
1067,10
1068,10
1069,10
1070,10
1071,10
1072,10
1073,10
1074,10
1075,10
1076,10
1077,10
1078,10
1079,10
1080,10
1081,10
1082,10
1083,10
1084,10
1085,10
1086,10
1087,10
1088,10
1089,10
1090,10
1091,10
1092,10
1093,10
1094,10
1095,10
1096,10
1097,10
1098,10
1099,10
1100,10
1101,10
1102,10
1103,10
1104,10
1105,10
1106,10
1107,10
1108,11
1109,11
1110,11
1111,11
1112,11
1113,11
1114,11
1115,11
1116,11
1117,11
1118,11
1119,11
1120,11
1121,11
1122,11
1123,11
1124,11
1125,11
1126,11
1127,11
1128,11
1129,11
1130,11
1131,11
1132,11
1133,11
1134,11
1135,11
1136,11
1137,11
1138,11
1139,11
1140,11
1141,11
1142,11
1143,11
1144,11
1145,11
1146,11
1147,11
1148,11
1149,11
1150,11
1151,11
1152,11
1153,11
1154,11
1155,11
1156,11
1157,11
1158,11
1159,11
1160,11
1161,11
1162,11
1163,11
1164,11
1165,11
1166,11
1167,11
1168,11
1169,11
1170,11
1171,11
1172,11
1173,11
1174,11
1175,11
1176,11
1177,11
1178,11
1179,11
1180,11
1181,11
1182,11
1183,11
1184,11
1185,11
1186,11
1187,11
1188,11
1189,11
1190,11
1191,11
1192,11
1193,11
1194,11
1195,11
1196,11
1197,11
1198,11
1199,11
1200,11
1201,11
1202,11
1203,11
1204,11
1205,11
1206,11
1207,11
1208,12
1209,12
1210,12
1211,12
1212,12
1213,12
1214,12
1215,12
1216,12
1217,12
1218,12
1219,12
1220,12
1221,12
1222,12
1223,12
1224,12
1225,12
1226,12
1227,12
1228,12
1229,12
1230,12
1231,12
1232,12
1233,12
1234,12
1235,12
1236,12
1237,12
1238,12
1239,12
1240,12
1241,12
1242,12
1243,12
1244,12
1245,12
1246,12
1247,12
1248,12
1249,12
1250,12
1251,12
1252,12
1253,12
1254,12
1255,12
1256,12
1257,12
1258,12
1259,12
1260,12
1261,12
1262,12
1263,12
1264,12
1265,12
1266,12
1267,12
1268,12
1269,12
1270,12
1271,12
1272,12
1273,12
1274,12
1275,12
1276,12
1277,12
1278,12
1279,12
1280,12
1281,12
1282,12
1283,12
1284,12
1285,12
1286,12
1287,12
1288,12
1289,12
1290,12
1291,12
1292,12
1293,12
1294,12
1295,12
1296,12
1297,12
1298,12
1299,12
1300,12
1301,12
1302,12
1303,12
1304,12
1305,12
1306,12
1307,12
1308,13
1309,13
1310,13
1311,13
1312,13
1313,13
1314,13
1315,13
1316,13
1317,13
1318,13
1319,13
1320,13
1321,13
1322,13
1323,13
1324,13
1325,13
1326,13
1327,13
1328,13
1329,13
1330,13
1331,13
1332,13
1333,13
1334,13
1335,13
1336,13
1337,13
1338,13
1339,13
1340,13
1341,13
1342,13
1343,13
1344,13
1345,13
1346,13
1347,13
1348,13
1349,13
1350,13
1351,13
1352,13
1353,13
1354,13
1355,13
1356,13
1357,13
1358,13
1359,13
1360,13
1361,13
1362,13
1363,13
1364,13
1365,13
1366,13
1367,13
1368,13
1369,13
1370,13
1371,13
1372,13
1373,13
1374,13
1375,13
1376,13
1377,13
1378,13
1379,13
1380,13
1381,13
1382,13
1383,13
1384,13
1385,13
1386,13
1387,13
1388,13
1389,13
1390,13
1391,13
1392,13
1393,13
1394,13
1395,13
1396,13
1397,13
1398,13
1399,13
1400,13
1401,13
1402,13
1403,13
1404,13
1405,13
1406,13
1407,13
1408,14
1409,14
1410,14
1411,14
1412,14
1413,14
1414,14
1415,14
1416,14
1417,14
1418,14
1419,14
1420,14
1421,14
1422,14
1423,14
1424,14
1425,14
1426,14
1427,14
1428,14
1429,14
1430,14
1431,14
1432,14
1433,14
1434,14
1435,14
1436,14
1437,14
1438,14
1439,14
1440,14
1441,14
1442,14
1443,14
1444,14
1445,14
1446,14
1447,14
1448,14
1449,14
1450,14
1451,14
1452,14
1453,14
1454,14
1455,14
1456,14
1457,14
1458,14
1459,14
1460,14
1461,14
1462,14
1463,14
1464,14
1465,14
1466,14
1467,14
1468,14
1469,14
1470,14
1471,14
1472,14
1473,14
1474,14
1475,14
1476,14
1477,14
1478,14
1479,14
1480,14
1481,14
1482,14
1483,14
1484,14
1485,14
1486,14
1487,14
1488,14
1489,14
1490,14
1491,14
1492,14
1493,14
1494,14
1495,14
1496,14
1497,14
1498,14
1499,14
1500,14
1501,14
1502,14
1503,14
1504,14
1505,14
1506,14
1507,14
1508,15
1509,15
1510,15
1511,15
1512,15
1513,15
1514,15
1515,15
1516,15
1517,15
1518,15
1519,15
1520,15
1521,15
1522,15
1523,15
1524,15
1525,15
1526,15
1527,15
1528,15
1529,15
1530,15
1531,15
1532,15
1533,15
1534,15
1535,15
1536,15
1537,15
1538,15
1539,15
1540,15
1541,15
1542,15
1543,15
1544,15
1545,15
1546,15
1547,15
1548,15
1549,15
1550,15
1551,15
1552,15
1553,15
1554,15
1555,15
1556,15
1557,15
1558,15
1559,15
1560,15
1561,15
1562,15
1563,15
1564,15
1565,15
1566,15
1567,15
1568,15
1569,15
1570,15
1571,15
1572,15
1573,15
1574,15
1575,15
1576,15
1577,15
1578,15
1579,15
1580,15
1581,15
1582,15
1583,15
1584,15
1585,15
1586,15
1587,15
1588,15
1589,15
1590,15
1591,15
1592,15
1593,15
1594,15
1595,15
1596,15
1597,15
1598,15
1599,15
1600,15
1601,15
1602,15
1603,15
1604,15
1605,15
1606,15
1607,15
1608,16
1609,16
1610,16
1611,16
1612,16
1613,16
1614,16
1615,16
1616,16
1617,16
1618,16
1619,16
1620,16
1621,16
1622,16
1623,16
1624,16
1625,16
1626,16
1627,16
1628,16
1629,16
1630,16
1631,16
1632,16
1633,16
1634,16
1635,16
1636,16
1637,16
1638,16
1639,16
1640,16
1641,16
1642,16
1643,16
1644,16
1645,16
1646,16
1647,16
1648,16
1649,16
1650,16
1651,16
1652,16
1653,16
1654,16
1655,16
1656,16
1657,16
1658,16
1659,16
1660,16
1661,16
1662,16
1663,16
1664,16
1665,16
1666,16
1667,16
1668,16
1669,16
1670,16
1671,16
1672,16
1673,16
1674,16
1675,16
1676,16
1677,16
1678,16
1679,16
1680,16
1681,16
1682,16
1683,16
1684,16
1685,16
1686,16
1687,16
1688,16
1689,16
1690,16
1691,16
1692,16
1693,16
1694,16
1695,16
1696,16
1697,16
1698,16
1699,16
1700,16
1701,16
1702,16
1703,16
1704,16
1705,16
1706,16
1707,16
1708,17
1709,17
1710,17
1711,17
1712,17
1713,17
1714,17
1715,17
1716,17
1717,17
1718,17
1719,17
1720,17
1721,17
1722,17
1723,17
1724,17
1725,17
1726,17
1727,17
1728,17
1729,17
1730,17
1731,17
1732,17
1733,17
1734,17
1735,17
1736,17
1737,17
1738,17
1739,17
1740,17
1741,17
1742,17
1743,17
1744,17
1745,17
1746,17
1747,17
1748,17
1749,17
1750,17
1751,17
1752,17
1753,17
1754,17
1755,17
1756,17
1757,17
1758,17
1759,17
1760,17
1761,17
1762,17
1763,17
1764,17
1765,17
1766,17
1767,17
1768,17
1769,17
1770,17
1771,17
1772,17
1773,17
1774,17
1775,17
1776,17
1777,17
1778,17
1779,17
1780,17
1781,17
1782,17
1783,17
1784,17
1785,17
1786,17
1787,17
1788,17
1789,17
1790,17
1791,17
1792,17
1793,17
1794,17
1795,17
1796,17
1797,17
1798,17
1799,17
1800,17
1801,17
1802,17
1803,17
1804,17
1805,17
1806,17
1807,17
1808,18
1809,18
1810,18
1811,18
1812,18
1813,18
1814,18
1815,18
1816,18
1817,18
1818,18
1819,18
1820,18
1821,18
1822,18
1823,18
1824,18
1825,18
1826,18
1827,18
1828,18
1829,18
1830,18
1831,18
1832,18
1833,18
1834,18
1835,18
1836,18
1837,18
1838,18
1839,18
1840,18
1841,18
1842,18
1843,18
1844,18
1845,18
1846,18
1847,18
1848,18
1849,18
1850,18
1851,18
1852,18
1853,18
1854,18
1855,18
1856,18
1857,18
1858,18
1859,18
1860,18
1861,18
1862,18
1863,18
1864,18
1865,18
1866,18
1867,18
1868,18
1869,18
1870,18
1871,18
1872,18
1873,18
1874,18
1875,18
1876,18
1877,18
1878,18
1879,18
1880,18
1881,18
1882,18
1883,18
1884,18
1885,18
1886,18
1887,18
1888,18
1889,18
1890,18
1891,18
1892,18
1893,18
1894,18
1895,18
1896,18
1897,18
1898,18
1899,18
1900,18
1901,18
1902,18
1903,18
1904,18
1905,18
1906,18
1907,18
1908,19
1909,19
1910,19
1911,19
1912,19
1913,19
1914,19
1915,19
1916,19
1917,19
1918,19
1919,19
1920,19
1921,19
1922,19
1923,19
1924,19
1925,19
1926,19
1927,19
1928,19
1929,19
1930,19
1931,19
1932,19
1933,19
1934,19
1935,19
1936,19
1937,19
1938,19
1939,19
1940,19
1941,19
1942,19
1943,19
1944,19
1945,19
1946,19
1947,19
1948,19
1949,19
1950,19
1951,19
1952,19
1953,19
1954,19
1955,19
1956,19
1957,19
1958,19
1959,19
1960,19
1961,19
1962,19
1963,19
1964,19
1965,19
1966,19
1967,19
1968,19
1969,19
1970,19
1971,19
1972,19
1973,19
1974,19
1975,19
1976,19
1977,19
1978,19
1979,19
1980,19
1981,19
1982,19
1983,19
1984,19
1985,19
1986,19
1987,19
1988,19
1989,19
1990,19
1991,19
1992,19
1993,19
1994,19
1995,19
1996,19
1997,19
1998,19
1999,19
2000,19
2001,19
2002,19
2003,19
2004,19
2005,19
2006,19
2007,19
2008,20
2009,20
2010,20
2011,20
2012,20
2013,20
2014,20
2015,20
2016,20
2017,20
2018,20
2019,20
2020,20
2021,20
2022,20
2023,20
2024,20
2025,20
2026,20
2027,20
2028,20
2029,20
2030,20
2031,20
2032,20
2033,20
2034,20
2035,20
2036,20
2037,20
2038,20
2039,20
2040,20
2041,20
2042,20
2043,20
2044,20
2045,20
2046,20
2047,20
2048,20
2049,20
2050,20
2051,20
2052,20
2053,20
2054,20
2055,20
2056,20
2057,20
2058,20
2059,20
2060,20
2061,20
2062,20
2063,20
2064,20
2065,20
2066,20
2067,20
2068,20
2069,20
2070,20
2071,20
2072,20
2073,20
2074,20
2075,20
2076,20
2077,20
2078,20
2079,20
2080,20
2081,20
2082,20
2083,20
2084,20
2085,20
2086,20
2087,20
2088,20
2089,20
2090,20
2091,20
2092,20
2093,20
2094,20
2095,20
2096,20
2097,20
2098,20
2099,20
2100,20
2101,20
2102,20
2103,20
2104,20
2105,20
2106,20
2107,20
2108,20
2109,21
2110,21
2111,21
2112,21
2113,21
2114,21
2115,21
2116,21
2117,21
2118,21
2119,21
2120,21
2121,21
2122,21
2123,21
2124,21
2125,21
2126,21
2127,21
2128,21
2129,21
2130,21
2131,21
2132,21
2133,21
2134,21
2135,21
2136,21
2137,21
2138,21
2139,21
2140,21
2141,21
2142,21
2143,21
2144,21
2145,21
2146,21
2147,21
2148,21
2149,21
2150,21
2151,21
2152,21
2153,21
2154,21
2155,21
2156,21
2157,21
2158,21
2159,21
2160,21
2161,21
2162,21
2163,21
2164,21
2165,21
2166,21
2167,21
2168,21
2169,21
2170,21
2171,21
2172,21
2173,21
2174,21
2175,21
2176,21
2177,21
2178,21
2179,21
2180,21
2181,21
2182,21
2183,21
2184,21
2185,21
2186,21
2187,21
2188,21
2189,21
2190,21
2191,21
2192,21
2193,21
2194,21
2195,21
2196,21
2197,21
2198,21
2199,21
2200,21
2201,21
2202,21
2203,21
2204,21
2205,21
2206,21
2207,21
2208,21
2209,21
2210,22
2211,22
2212,22
2213,22
2214,22
2215,22
2216,22
2217,22
2218,22
2219,22
2220,22
2221,22
2222,22
2223,22
2224,22
2225,22
2226,22
2227,22
2228,22
2229,22
2230,22
2231,22
2232,22
2233,22
2234,22
2235,22
2236,22
2237,22
2238,22
2239,22
2240,22
2241,22
2242,22
2243,22
2244,22
2245,22
2246,22
2247,22
2248,22
2249,22
2250,22
2251,22
2252,22
2253,22
2254,22
2255,22
2256,22
2257,22
2258,22
2259,22
2260,22
2261,22
2262,22
2263,22
2264,22
2265,22
2266,22
2267,22
2268,22
2269,22
2270,22
2271,22
2272,22
2273,22
2274,22
2275,22
2276,22
2277,22
2278,22
2279,22
2280,22
2281,22
2282,22
2283,22
2284,22
2285,22
2286,22
2287,22
2288,22
2289,22
2290,22
2291,22
2292,22
2293,22
2294,22
2295,22
2296,22
2297,22
2298,22
2299,22
2300,22
2301,22
2302,22
2303,22
2304,22
2305,22
2306,22
2307,22
2308,22
2309,22
2310,22
2311,23
2312,23
2313,23
2314,23
2315,23
2316,23
2317,23
2318,23
2319,23
2320,23
2321,23
2322,23
2323,23
2324,23
2325,23
2326,23
2327,23
2328,23
2329,23
2330,23
2331,23
2332,23
2333,23
2334,23
2335,23
2336,23
2337,23
2338,23
2339,23
2340,23
2341,23
2342,23
2343,23
2344,23
2345,23
2346,23
2347,23
2348,23
2349,23
2350,23
2351,23
2352,23
2353,23
2354,23
2355,23
2356,23
2357,23
2358,23
2359,23
2360,23
2361,23
2362,23
2363,23
2364,23
2365,23
2366,23
2367,23
2368,23
2369,23
2370,23
2371,23
2372,23
2373,23
2374,23
2375,23
2376,23
2377,23
2378,23
2379,23
2380,23
2381,23
2382,23
2383,23
2384,23
2385,23
2386,23
2387,23
2388,23
2389,23
2390,23
2391,23
2392,23
2393,23
2394,23
2395,23
2396,23
2397,23
2398,23
2399,23
2400,23
2401,23
2402,23
2403,23
2404,23
2405,23
2406,23
2407,23
2408,23
2409,23
2410,23
2411,23
2412,24
2413,24
2414,24
2415,24
2416,24
2417,24
2418,24
2419,24
2420,24
2421,24
2422,24
2423,24
2424,24
2425,24
2426,24
2427,24
2428,24
2429,24
2430,24
2431,24
2432,24
2433,24
2434,24
2435,24
2436,24
2437,24
2438,24
2439,24
2440,24
2441,24
2442,24
2443,24
2444,24
2445,24
2446,24
2447,24
2448,24
2449,24
2450,24
2451,24
2452,24
2453,24
2454,24
2455,24
2456,24
2457,24
2458,24
2459,24
2460,24
2461,24
2462,24
2463,24
2464,24
2465,24
2466,24
2467,24
2468,24
2469,24
2470,24
2471,24
2472,24
2473,24
2474,24
2475,24
2476,24
2477,24
2478,24
2479,24
2480,24
2481,24
2482,24
2483,24
2484,24
2485,24
2486,24
2487,24
2488,24
2489,24
2490,24
2491,24
2492,24
2493,24
2494,24
2495,24
2496,24
2497,24
2498,24
2499,24
2500,24
2501,24
2502,24
2503,24
2504,24
2505,24
2506,24
2507,24
2508,24
2509,24
2510,24
2511,24
2512,24
2513,25
2514,25
2515,25
2516,25
2517,25
2518,25
2519,25
2520,25
2521,25
2522,25
2523,25
2524,25
2525,25
2526,25
2527,25
2528,25
2529,25
2530,25
2531,25
2532,25
2533,25
2534,25
2535,25
2536,25
2537,25
2538,25
2539,25
2540,25
2541,25
2542,25
2543,25
2544,25
2545,25
2546,25
2547,25
2548,25
2549,25
2550,25
2551,25
2552,25
2553,25
2554,25
2555,25
2556,25
2557,25
2558,25
2559,25
2560,25
2561,25
2562,25
2563,25
2564,25
2565,25
2566,25
2567,25
2568,25
2569,25
2570,25
2571,25
2572,25
2573,25
2574,25
2575,25
2576,25
2577,25
2578,25
2579,25
2580,25
2581,25
2582,25
2583,25
2584,25
2585,25
2586,25
2587,25
2588,25
2589,25
2590,25
2591,25
2592,25
2593,25
2594,25
2595,25
2596,25
2597,25
2598,25
2599,25
2600,25
2601,25
2602,25
2603,25
2604,25
2605,25
2606,25
2607,25
2608,25
2609,25
2610,25
2611,25
2612,25
2613,25
2614,26
2615,26
2616,26
2617,26
2618,26
2619,26
2620,26
2621,26
2622,26
2623,26
2624,26
2625,26
2626,26
2627,26
2628,26
2629,26
2630,26
2631,26
2632,26
2633,26
2634,26
2635,26
2636,26
2637,26
2638,26
2639,26
2640,26
2641,26
2642,26
2643,26
2644,26
2645,26
2646,26
2647,26
2648,26
2649,26
2650,26
2651,26
2652,26
2653,26
2654,26
2655,26
2656,26
2657,26
2658,26
2659,26
2660,26
2661,26
2662,26
2663,26
2664,26
2665,26
2666,26
2667,26
2668,26
2669,26
2670,26
2671,26
2672,26
2673,26
2674,26
2675,26
2676,26
2677,26
2678,26
2679,26
2680,26
2681,26
2682,26
2683,26
2684,26
2685,26
2686,26
2687,26
2688,26
2689,26
2690,26
2691,26
2692,26
2693,26
2694,26
2695,26
2696,26
2697,26
2698,26
2699,26
2700,26
2701,26
2702,26
2703,26
2704,26
2705,26
2706,26
2707,26
2708,26
2709,26
2710,26
2711,26
2712,26
2713,26
2714,26
2715,27
2716,27
2717,27
2718,27
2719,27
2720,27
2721,27
2722,27
2723,27
2724,27
2725,27
2726,27
2727,27
2728,27
2729,27
2730,27
2731,27
2732,27
2733,27
2734,27
2735,27
2736,27
2737,27
2738,27
2739,27
2740,27
2741,27
2742,27
2743,27
2744,27
2745,27
2746,27
2747,27
2748,27
2749,27
2750,27
2751,27
2752,27
2753,27
2754,27
2755,27
2756,27
2757,27
2758,27
2759,27
2760,27
2761,27
2762,27
2763,27
2764,27
2765,27
2766,27
2767,27
2768,27
2769,27
2770,27
2771,27
2772,27
2773,27
2774,27
2775,27
2776,27
2777,27
2778,27
2779,27
2780,27
2781,27
2782,27
2783,27
2784,27
2785,27
2786,27
2787,27
2788,27
2789,27
2790,27
2791,27
2792,27
2793,27
2794,27
2795,27
2796,27
2797,27
2798,27
2799,27
2800,27
2801,27
2802,27
2803,27
2804,27
2805,27
2806,27
2807,27
2808,27
2809,27
2810,27
2811,27
2812,27
2813,27
2814,27
2815,27
2816,28
2817,28
2818,28
2819,28
2820,28
2821,28
2822,28
2823,28
2824,28
2825,28
2826,28
2827,28
2828,28
2829,28
2830,28
2831,28
2832,28
2833,28
2834,28
2835,28
2836,28
2837,28
2838,28
2839,28
2840,28
2841,28
2842,28
2843,28
2844,28
2845,28
2846,28
2847,28
2848,28
2849,28
2850,28
2851,28
2852,28
2853,28
2854,28
2855,28
2856,28
2857,28
2858,28
2859,28
2860,28
2861,28
2862,28
2863,28
2864,28
2865,28
2866,28
2867,28
2868,28
2869,28
2870,28
2871,28
2872,28
2873,28
2874,28
2875,28
2876,28
2877,28
2878,28
2879,28
2880,28
2881,28
2882,28
2883,28
2884,28
2885,28
2886,28
2887,28
2888,28
2889,28
2890,28
2891,28
2892,28
2893,28
2894,28
2895,28
2896,28
2897,28
2898,28
2899,28
2900,28
2901,28
2902,28
2903,28
2904,28
2905,28
2906,28
2907,28
2908,28
2909,28
2910,28
2911,28
2912,28
2913,28
2914,28
2915,28
2916,28
2917,29
2918,29
2919,29
2920,29
2921,29
2922,29
2923,29
2924,29
2925,29
2926,29
2927,29
2928,29
2929,29
2930,29
2931,29
2932,29
2933,29
2934,29
2935,29
2936,29
2937,29
2938,29
2939,29
2940,29
2941,29
2942,29
2943,29
2944,29
2945,29
2946,29
2947,29
2948,29
2949,29
2950,29
2951,29
2952,29
2953,29
2954,29
2955,29
2956,29
2957,29
2958,29
2959,29
2960,29
2961,29
2962,29
2963,29
2964,29
2965,29
2966,29
2967,29
2968,29
2969,29
2970,29
2971,29
2972,29
2973,29
2974,29
2975,29
2976,29
2977,29
2978,29
2979,29
2980,29
2981,29
2982,29
2983,29
2984,29
2985,29
2986,29
2987,29
2988,29
2989,29
2990,29
2991,29
2992,29
2993,29
2994,29
2995,29
2996,29
2997,29
2998,29
2999,29
3000,29
3001,29
3002,29
3003,29
3004,29
3005,29
3006,29
3007,29
3008,29
3009,29
3010,29
3011,29
3012,29
3013,29
3014,29
3015,29
3016,29
3017,29
3018,30
3019,30
3020,30
3021,30
3022,30
3023,30
3024,30
3025,30
3026,30
3027,30
3028,30
3029,30
3030,30
3031,30
3032,30
3033,30
3034,30
3035,30
3036,30
3037,30
3038,30
3039,30
3040,30
3041,30
3042,30
3043,30
3044,30
3045,30
3046,30
3047,30
3048,30
3049,30
3050,30
3051,30
3052,30
3053,30
3054,30
3055,30
3056,30
3057,30
3058,30
3059,30
3060,30
3061,30
3062,30
3063,30
3064,30
3065,30
3066,30
3067,30
3068,30
3069,30
3070,30
3071,30
3072,30
3073,30
3074,30
3075,30
3076,30
3077,30
3078,30
3079,30
3080,30
3081,30
3082,30
3083,30
3084,30
3085,30
3086,30
3087,30
3088,30
3089,30
3090,30
3091,30
3092,30
3093,30
3094,30
3095,30
3096,30
3097,30
3098,30
3099,30
3100,30
3101,30
3102,30
3103,30
3104,30
3105,30
3106,30
3107,30
3108,30
3109,30
3110,30
3111,30
3112,30
3113,30
3114,30
3115,30
3116,30
3117,30
3118,30
3119,31
3120,31
3121,31
3122,31
3123,31
3124,31
3125,31
3126,31
3127,31
3128,31
3129,31
3130,31
3131,31
3132,31
3133,31
3134,31
3135,31
3136,31
3137,31
3138,31
3139,31
3140,31
3141,31
3142,31
3143,31
3144,31
3145,31
3146,31
3147,31
3148,31
3149,31
3150,31
3151,31
3152,31
3153,31
3154,31
3155,31
3156,31
3157,31
3158,31
3159,31
3160,31
3161,31
3162,31
3163,31
3164,31
3165,31
3166,31
3167,31
3168,31
3169,31
3170,31
3171,31
3172,31
3173,31
3174,31
3175,31
3176,31
3177,31
3178,31
3179,31
3180,31
3181,31
3182,31
3183,31
3184,31
3185,31
3186,31
3187,31
3188,31
3189,31
3190,31
3191,31
3192,31
3193,31
3194,31
3195,31
3196,31
3197,31
3198,31
3199,31
3200,31
3201,31
3202,31
3203,31
3204,31
3205,31
3206,31
3207,31
3208,31
3209,31
3210,31
3211,31
3212,31
3213,31
3214,31
3215,31
3216,31
3217,31
3218,31
3219,31
3220,32
3221,32
3222,32
3223,32
3224,32
3225,32
3226,32
3227,32
3228,32
3229,32
3230,32
3231,32
3232,32
3233,32
3234,32
3235,32
3236,32
3237,32
3238,32
3239,32
3240,32
3241,32
3242,32
3243,32
3244,32
3245,32
3246,32
3247,32
3248,32
3249,32
3250,32
3251,32
3252,32
3253,32
3254,32
3255,32
3256,32
3257,32
3258,32
3259,32
3260,32
3261,32
3262,32
3263,32
3264,32
3265,32
3266,32
3267,32
3268,32
3269,32
3270,32
3271,32
3272,32
3273,32
3274,32
3275,32
3276,32
3277,32
3278,32
3279,32
3280,32
3281,32
3282,32
3283,32
3284,32
3285,32
3286,32
3287,32
3288,32
3289,32
3290,32
3291,32
3292,32
3293,32
3294,32
3295,32
3296,32
3297,32
3298,32
3299,32
3300,32
3301,32
3302,32
3303,32
3304,32
3305,32
3306,32
3307,32
3308,32
3309,32
3310,32
3311,32
3312,32
3313,32
3314,32
3315,32
3316,32
3317,32
3318,32
3319,32
3320,32
3321,33
3322,33
3323,33
3324,33
3325,33
3326,33
3327,33
3328,33
3329,33
3330,33
3331,33
3332,33
3333,33
3334,33
3335,33
3336,33
3337,33
3338,33
3339,33
3340,33
3341,33
3342,33
3343,33
3344,33
3345,33
3346,33
3347,33
3348,33
3349,33
3350,33
3351,33
3352,33
3353,33
3354,33
3355,33
3356,33
3357,33
3358,33
3359,33
3360,33
3361,33
3362,33
3363,33
3364,33
3365,33
3366,33
3367,33
3368,33
3369,33
3370,33
3371,33
3372,33
3373,33
3374,33
3375,33
3376,33
3377,33
3378,33
3379,33
3380,33
3381,33
3382,33
3383,33
3384,33
3385,33
3386,33
3387,33
3388,33
3389,33
3390,33
3391,33
3392,33
3393,33
3394,33
3395,33
3396,33
3397,33
3398,33
3399,33
3400,33
3401,33
3402,33
3403,33
3404,33
3405,33
3406,33
3407,33
3408,33
3409,33
3410,33
3411,33
3412,33
3413,33
3414,33
3415,33
3416,33
3417,33
3418,33
3419,33
3420,33
3421,33
3422,34
3423,34
3424,34
3425,34
3426,34
3427,34
3428,34
3429,34
3430,34
3431,34
3432,34
3433,34
3434,34
3435,34
3436,34
3437,34
3438,34
3439,34
3440,34
3441,34
3442,34
3443,34
3444,34
3445,34
3446,34
3447,34
3448,34
3449,34
3450,34
3451,34
3452,34
3453,34
3454,34
3455,34
3456,34
3457,34
3458,34
3459,34
3460,34
3461,34
3462,34
3463,34
3464,34
3465,34
3466,34
3467,34
3468,34
3469,34
3470,34
3471,34
3472,34
3473,34
3474,34
3475,34
3476,34
3477,34
3478,34
3479,34
3480,34
3481,34
3482,34
3483,34
3484,34
3485,34
3486,34
3487,34
3488,34
3489,34
3490,34
3491,34
3492,34
3493,34
3494,34
3495,34
3496,34
3497,34
3498,34
3499,34
3500,34
3501,34
3502,34
3503,34
3504,34
3505,34
3506,34
3507,34
3508,34
3509,34
3510,34
3511,34
3512,34
3513,34
3514,34
3515,34
3516,34
3517,34
3518,34
3519,34
3520,34
3521,34
3522,35
3523,35
3524,35
3525,35
3526,35
3527,35
3528,35
3529,35
3530,35
3531,35
3532,35
3533,35
3534,35
3535,35
3536,35
3537,35
3538,35
3539,35
3540,35
3541,35
3542,35
3543,35
3544,35
3545,35
3546,35
3547,35
3548,35
3549,35
3550,35
3551,35
3552,35
3553,35
3554,35
3555,35
3556,35
3557,35
3558,35
3559,35
3560,35
3561,35
3562,35
3563,35
3564,35
3565,35
3566,35
3567,35
3568,35
3569,35
3570,35
3571,35
3572,35
3573,35
3574,35
3575,35
3576,35
3577,35
3578,35
3579,35
3580,35
3581,35
3582,35
3583,35
3584,35
3585,35
3586,35
3587,35
3588,35
3589,35
3590,35
3591,35
3592,35
3593,35
3594,35
3595,35
3596,35
3597,35
3598,35
3599,35
3600,35
3601,35
3602,35
3603,35
3604,35
3605,35
3606,35
3607,35
3608,35
3609,35
3610,35
3611,35
3612,35
3613,35
3614,35
3615,35
3616,35
3617,35
3618,35
3619,35
3620,35
3621,35
3622,36
3623,36
3624,36
3625,36
3626,36
3627,36
3628,36
3629,36
3630,36
3631,36
3632,36
3633,36
3634,36
3635,36
3636,36
3637,36
3638,36
3639,36
3640,36
3641,36
3642,36
3643,36
3644,36
3645,36
3646,36
3647,36
3648,36
3649,36
3650,36
3651,36
3652,36
3653,36
3654,36
3655,36
3656,36
3657,36
3658,36
3659,36
3660,36
3661,36
3662,36
3663,36
3664,36
3665,36
3666,36
3667,36
3668,36
3669,36
3670,36
3671,36
3672,36
3673,36
3674,36
3675,36
3676,36
3677,36
3678,36
3679,36
3680,36
3681,36
3682,36
3683,36
3684,36
3685,36
3686,36
3687,36
3688,36
3689,36
3690,36
3691,36
3692,36
3693,36
3694,36
3695,36
3696,36
3697,36
3698,36
3699,36
3700,36
3701,36
3702,36
3703,36
3704,36
3705,36
3706,36
3707,36
3708,36
3709,36
3710,36
3711,36
3712,36
3713,36
3714,36
3715,36
3716,36
3717,36
3718,36
3719,36
3720,36
3721,36
3722,37
3723,37
3724,37
3725,37
3726,37
3727,37
3728,37
3729,37
3730,37
3731,37
3732,37
3733,37
3734,37
3735,37
3736,37
3737,37
3738,37
3739,37
3740,37
3741,37
3742,37
3743,37
3744,37
3745,37
3746,37
3747,37
3748,37
3749,37
3750,37
3751,37
3752,37
3753,37
3754,37
3755,37
3756,37
3757,37
3758,37
3759,37
3760,37
3761,37
3762,37
3763,37
3764,37
3765,37
3766,37
3767,37
3768,37
3769,37
3770,37
3771,37
3772,37
3773,37
3774,37
3775,37
3776,37
3777,37
3778,37
3779,37
3780,37
3781,37
3782,37
3783,37
3784,37
3785,37
3786,37
3787,37
3788,37
3789,37
3790,37
3791,37
3792,37
3793,37
3794,37
3795,37
3796,37
3797,37
3798,37
3799,37
3800,37
3801,37
3802,37
3803,37
3804,37
3805,37
3806,37
3807,37
3808,37
3809,37
3810,37
3811,37
3812,37
3813,37
3814,37
3815,37
3816,37
3817,37
3818,37
3819,37
3820,37
3821,37
3822,38
3823,38
3824,38
3825,38
3826,38
3827,38
3828,38
3829,38
3830,38
3831,38
3832,38
3833,38
3834,38
3835,38
3836,38
3837,38
3838,38
3839,38
3840,38
3841,38
3842,38
3843,38
3844,38
3845,38
3846,38
3847,38
3848,38
3849,38
3850,38
3851,38
3852,38
3853,38
3854,38
3855,38
3856,38
3857,38
3858,38
3859,38
3860,38
3861,38
3862,38
3863,38
3864,38
3865,38
3866,38
3867,38
3868,38
3869,38
3870,38
3871,38
3872,38
3873,38
3874,38
3875,38
3876,38
3877,38
3878,38
3879,38
3880,38
3881,38
3882,38
3883,38
3884,38
3885,38
3886,38
3887,38
3888,38
3889,38
3890,38
3891,38
3892,38
3893,38
3894,38
3895,38
3896,38
3897,38
3898,38
3899,38
3900,38
3901,38
3902,38
3903,38
3904,38
3905,38
3906,38
3907,38
3908,38
3909,38
3910,38
3911,38
3912,38
3913,38
3914,38
3915,38
3916,38
3917,38
3918,38
3919,38
3920,38
3921,38
3922,39
3923,39
3924,39
3925,39
3926,39
3927,39
3928,39
3929,39
3930,39
3931,39
3932,39
3933,39
3934,39
3935,39
3936,39
3937,39
3938,39
3939,39
3940,39
3941,39
3942,39
3943,39
3944,39
3945,39
3946,39
3947,39
3948,39
3949,39
3950,39
3951,39
3952,39
3953,39
3954,39
3955,39
3956,39
3957,39
3958,39
3959,39
3960,39
3961,39
3962,39
3963,39
3964,39
3965,39
3966,39
3967,39
3968,39
3969,39
3970,39
3971,39
3972,39
3973,39
3974,39
3975,39
3976,39
3977,39
3978,39
3979,39
3980,39
3981,39
3982,39
3983,39
3984,39
3985,39
3986,39
3987,39
3988,39
3989,39
3990,39
3991,39
3992,39
3993,39
3994,39
3995,39
3996,39
3997,39
3998,39
3999,39
4000,39
4001,39
4002,39
4003,39
4004,39
4005,39
4006,39
4007,39
4008,39
4009,39
4010,39
4011,39
4012,39
4013,39
4014,39
4015,39
4016,39
4017,39
4018,39
4019,39
4020,39
4021,39
4022,40
4023,40
4024,40
4025,40
4026,40
4027,40
4028,40
4029,40
4030,40
4031,40
4032,40
4033,40
4034,40
4035,40
4036,40
4037,40
4038,40
4039,40
4040,40
4041,40
4042,40
4043,40
4044,40
4045,40
4046,40
4047,40
4048,40
4049,40
4050,40
4051,40
4052,40
4053,40
4054,40
4055,40
4056,40
4057,40
4058,40
4059,40
4060,40
4061,40
4062,40
4063,40
4064,40
4065,40
4066,40
4067,40
4068,40
4069,40
4070,40
4071,40
4072,40
4073,40
4074,40
4075,40
4076,40
4077,40
4078,40
4079,40
4080,40
4081,40
4082,40
4083,40
4084,40
4085,40
4086,40
4087,40
4088,40
4089,40
4090,40
4091,40
4092,40
4093,40
4094,40
4095,40
4096,40
4097,40
4098,40
4099,40
4100,40
4101,40
4102,40
4103,40
4104,40
4105,40
4106,40
4107,40
4108,40
4109,40
4110,40
4111,40
4112,40
4113,40
4114,40
4115,40
4116,40
4117,40
4118,40
4119,40
4120,40
4121,40
4122,41
4123,41
4124,41
4125,41
4126,41
4127,41
4128,41
4129,41
4130,41
4131,41
4132,41
4133,41
4134,41
4135,41
4136,41
4137,41
4138,41
4139,41
4140,41
4141,41
4142,41
4143,41
4144,41
4145,41
4146,41
4147,41
4148,41
4149,41
4150,41
4151,41
4152,41
4153,41
4154,41
4155,41
4156,41
4157,41
4158,41
4159,41
4160,41
4161,41
4162,41
4163,41
4164,41
4165,41
4166,41
4167,41
4168,41
4169,41
4170,41
4171,41
4172,41
4173,41
4174,41
4175,41
4176,41
4177,41
4178,41
4179,41
4180,41
4181,41
4182,41
4183,41
4184,41
4185,41
4186,41
4187,41
4188,41
4189,41
4190,41
4191,41
4192,41
4193,41
4194,41
4195,41
4196,41
4197,41
4198,41
4199,41
4200,41
4201,41
4202,41
4203,41
4204,41
4205,41
4206,41
4207,41
4208,41
4209,41
4210,41
4211,41
4212,41
4213,41
4214,41
4215,41
4216,41
4217,41
4218,41
4219,41
4220,41
4221,41
4222,42
4223,42
4224,42
4225,42
4226,42
4227,42
4228,42
4229,42
4230,42
4231,42
4232,42
4233,42
4234,42
4235,42
4236,42
4237,42
4238,42
4239,42
4240,42
4241,42
4242,42
4243,42
4244,42
4245,42
4246,42
4247,42
4248,42
4249,42
4250,42
4251,42
4252,42
4253,42
4254,42
4255,42
4256,42
4257,42
4258,42
4259,42
4260,42
4261,42
4262,42
4263,42
4264,42
4265,42
4266,42
4267,42
4268,42
4269,42
4270,42
4271,42
4272,42
4273,42
4274,42
4275,42
4276,42
4277,42
4278,42
4279,42
4280,42
4281,42
4282,42
4283,42
4284,42
4285,42
4286,42
4287,42
4288,42
4289,42
4290,42
4291,42
4292,42
4293,42
4294,42
4295,42
4296,42
4297,42
4298,42
4299,42
4300,42
4301,42
4302,42
4303,42
4304,42
4305,42
4306,42
4307,42
4308,42
4309,42
4310,42
4311,42
4312,42
4313,42
4314,42
4315,42
4316,42
4317,42
4318,42
4319,42
4320,42
4321,42
4322,43
4323,43
4324,43
4325,43
4326,43
4327,43
4328,43
4329,43
4330,43
4331,43
4332,43
4333,43
4334,43
4335,43
4336,43
4337,43
4338,43
4339,43
4340,43
4341,43
4342,43
4343,43
4344,43
4345,43
4346,43
4347,43
4348,43
4349,43
4350,43
4351,43
4352,43
4353,43
4354,43
4355,43
4356,43
4357,43
4358,43
4359,43
4360,43
4361,43
4362,43
4363,43
4364,43
4365,43
4366,43
4367,43
4368,43
4369,43
4370,43
4371,43
4372,43
4373,43
4374,43
4375,43
4376,43
4377,43
4378,43
4379,43
4380,43
4381,43
4382,43
4383,43
4384,43
4385,43
4386,43
4387,43
4388,43
4389,43
4390,43
4391,43
4392,43
4393,43
4394,43
4395,43
4396,43
4397,43
4398,43
4399,43
4400,43
4401,43
4402,43
4403,43
4404,43
4405,43
4406,43
4407,43
4408,43
4409,43
4410,43
4411,43
4412,43
4413,43
4414,43
4415,43
4416,43
4417,43
4418,43
4419,43
4420,43
4421,43
4422,44
4423,44
4424,44
4425,44
4426,44
4427,44
4428,44
4429,44
4430,44
4431,44
4432,44
4433,44
4434,44
4435,44
4436,44
4437,44
4438,44
4439,44
4440,44
4441,44
4442,44
4443,44
4444,44
4445,44
4446,44
4447,44
4448,44
4449,44
4450,44
4451,44
4452,44
4453,44
4454,44
4455,44
4456,44
4457,44
4458,44
4459,44
4460,44
4461,44
4462,44
4463,44
4464,44
4465,44
4466,44
4467,44
4468,44
4469,44
4470,44
4471,44
4472,44
4473,44
4474,44
4475,44
4476,44
4477,44
4478,44
4479,44
4480,44
4481,44
4482,44
4483,44
4484,44
4485,44
4486,44
4487,44
4488,44
4489,44
4490,44
4491,44
4492,44
4493,44
4494,44
4495,44
4496,44
4497,44
4498,44
4499,44
4500,44
4501,44
4502,44
4503,44
4504,44
4505,44
4506,44
4507,44
4508,44
4509,44
4510,44
4511,44
4512,44
4513,44
4514,44
4515,44
4516,44
4517,44
4518,44
4519,44
4520,44
4521,44
4522,45
4523,45
4524,45
4525,45
4526,45
4527,45
4528,45
4529,45
4530,45
4531,45
4532,45
4533,45
4534,45
4535,45
4536,45
4537,45
4538,45
4539,45
4540,45
4541,45
4542,45
4543,45
4544,45
4545,45
4546,45
4547,45
4548,45
4549,45
4550,45
4551,45
4552,45
4553,45
4554,45
4555,45
4556,45
4557,45
4558,45
4559,45
4560,45
4561,45
4562,45
4563,45
4564,45
4565,45
4566,45
4567,45
4568,45
4569,45
4570,45
4571,45
4572,45
4573,45
4574,45
4575,45
4576,45
4577,45
4578,45
4579,45
4580,45
4581,45
4582,45
4583,45
4584,45
4585,45
4586,45
4587,45
4588,45
4589,45
4590,45
4591,45
4592,45
4593,45
4594,45
4595,45
4596,45
4597,45
4598,45
4599,45
4600,45
4601,45
4602,45
4603,45
4604,45
4605,45
4606,45
4607,45
4608,45
4609,45
4610,45
4611,45
4612,45
4613,45
4614,45
4615,45
4616,45
4617,45
4618,45
4619,45
4620,45
4621,45
4622,46
4623,46
4624,46
4625,46
4626,46
4627,46
4628,46
4629,46
4630,46
4631,46
4632,46
4633,46
4634,46
4635,46
4636,46
4637,46
4638,46
4639,46
4640,46
4641,46
4642,46
4643,46
4644,46
4645,46
4646,46
4647,46
4648,46
4649,46
4650,46
4651,46
4652,46
4653,46
4654,46
4655,46
4656,46
4657,46
4658,46
4659,46
4660,46
4661,46
4662,46
4663,46
4664,46
4665,46
4666,46
4667,46
4668,46
4669,46
4670,46
4671,46
4672,46
4673,46
4674,46
4675,46
4676,46
4677,46
4678,46
4679,46
4680,46
4681,46
4682,46
4683,46
4684,46
4685,46
4686,46
4687,46
4688,46
4689,46
4690,46
4691,46
4692,46
4693,46
4694,46
4695,46
4696,46
4697,46
4698,46
4699,46
4700,46
4701,46
4702,46
4703,46
4704,46
4705,46
4706,46
4707,46
4708,46
4709,46
4710,46
4711,46
4712,46
4713,46
4714,46
4715,46
4716,46
4717,46
4718,46
4719,46
4720,46
4721,46
4722,47
4723,47
4724,47
4725,47
4726,47
4727,47
4728,47
4729,47
4730,47
4731,47
4732,47
4733,47
4734,47
4735,47
4736,47
4737,47
4738,47
4739,47
4740,47
4741,47
4742,47
4743,47
4744,47
4745,47
4746,47
4747,47
4748,47
4749,47
4750,47
4751,47
4752,47
4753,47
4754,47
4755,47
4756,47
4757,47
4758,47
4759,47
4760,47
4761,47
4762,47
4763,47
4764,47
4765,47
4766,47
4767,47
4768,47
4769,47
4770,47
4771,47
4772,47
4773,47
4774,47
4775,47
4776,47
4777,47
4778,47
4779,47
4780,47
4781,47
4782,47
4783,47
4784,47
4785,47
4786,47
4787,47
4788,47
4789,47
4790,47
4791,47
4792,47
4793,47
4794,47
4795,47
4796,47
4797,47
4798,47
4799,47
4800,47
4801,47
4802,47
4803,47
4804,47
4805,47
4806,47
4807,47
4808,47
4809,47
4810,47
4811,47
4812,47
4813,47
4814,47
4815,47
4816,47
4817,47
4818,47
4819,47
4820,47
4821,47
4822,48
4823,48
4824,48
4825,48
4826,48
4827,48
4828,48
4829,48
4830,48
4831,48
4832,48
4833,48
4834,48
4835,48
4836,48
4837,48
4838,48
4839,48
4840,48
4841,48
4842,48
4843,48
4844,48
4845,48
4846,48
4847,48
4848,48
4849,48
4850,48
4851,48
4852,48
4853,48
4854,48
4855,48
4856,48
4857,48
4858,48
4859,48
4860,48
4861,48
4862,48
4863,48
4864,48
4865,48
4866,48
4867,48
4868,48
4869,48
4870,48
4871,48
4872,48
4873,48
4874,48
4875,48
4876,48
4877,48
4878,48
4879,48
4880,48
4881,48
4882,48
4883,48
4884,48
4885,48
4886,48
4887,48
4888,48
4889,48
4890,48
4891,48
4892,48
4893,48
4894,48
4895,48
4896,48
4897,48
4898,48
4899,48
4900,48
4901,48
4902,48
4903,48
4904,48
4905,48
4906,48
4907,48
4908,48
4909,48
4910,48
4911,48
4912,48
4913,48
4914,48
4915,48
4916,48
4917,48
4918,48
4919,48
4920,48
4921,48
4922,49
4923,49
4924,49
4925,49
4926,49
4927,49
4928,49
4929,49
4930,49
4931,49
4932,49
4933,49
4934,49
4935,49
4936,49
4937,49
4938,49
4939,49
4940,49
4941,49
4942,49
4943,49
4944,49
4945,49
4946,49
4947,49
4948,49
4949,49
4950,49
4951,49
4952,49
4953,49
4954,49
4955,49
4956,49
4957,49
4958,49
4959,49
4960,49
4961,49
4962,49
4963,49
4964,49
4965,49
4966,49
4967,49
4968,49
4969,49
4970,49
4971,49
4972,49
4973,49
4974,49
4975,49
4976,49
4977,49
4978,49
4979,49
4980,49
4981,49
4982,49
4983,49
4984,49
4985,49
4986,49
4987,49
4988,49
4989,49
4990,49
4991,49
4992,49
4993,49
4994,49
4995,49
4996,49
4997,49
4998,49
4999,49
5000,49
5001,49
5002,49
5003,49
5004,49
5005,49
5006,49
5007,49
5008,49
5009,49
5010,49
5011,49
5012,49
5013,49
5014,49
5015,49
5016,49
5017,49
5018,49
5019,49
5020,49
5021,49
5022,50
5023,50
5024,50
5025,50
5026,50
5027,50
5028,50
5029,50
5030,50
5031,50
5032,50
5033,50
5034,50
5035,50
5036,50
5037,50
5038,50
5039,50
5040,50
5041,50
5042,50
5043,50
5044,50
5045,50
5046,50
5047,50
5048,50
5049,50
5050,50
5051,50
5052,50
5053,50
5054,50
5055,50
5056,50
5057,50
5058,50
5059,50
5060,50
5061,50
5062,50
5063,50
5064,50
5065,50
5066,50
5067,50
5068,50
5069,50
5070,50
5071,50
5072,50
5073,50
5074,50
5075,50
5076,50
5077,50
5078,50
5079,50
5080,50
5081,50
5082,50
5083,50
5084,50
5085,50
5086,50
5087,50
5088,50
5089,50
5090,50
5091,50
5092,50
5093,50
5094,50
5095,50
5096,50
5097,50
5098,50
5099,50
5100,50
5101,50
5102,50
5103,50
5104,50
5105,50
5106,50
5107,50
5108,50
5109,50
5110,50
5111,50
5112,50
5113,50
5114,50
5115,50
5116,50
5117,50
5118,50
5119,50
5120,50
5121,50
5122,51
5123,51
5124,51
5125,51
5126,51
5127,51
5128,51
5129,51
5130,51
5131,51
5132,51
5133,51
5134,51
5135,51
5136,51
5137,51
5138,51
5139,51
5140,51
5141,51
5142,51
5143,51
5144,51
5145,51
5146,51
5147,51
5148,51
5149,51
5150,51
5151,51
5152,51
5153,51
5154,51
5155,51
5156,51
5157,51
5158,51
5159,51
5160,51
5161,51
5162,51
5163,51
5164,51
5165,51
5166,51
5167,51
5168,51
5169,51
5170,51
5171,51
5172,51
5173,51
5174,51
5175,51
5176,51
5177,51
5178,51
5179,51
5180,51
5181,51
5182,51
5183,51
5184,51
5185,51
5186,51
5187,51
5188,51
5189,51
5190,51
5191,51
5192,51
5193,51
5194,51
5195,51
5196,51
5197,51
5198,51
5199,51
5200,51
5201,51
5202,51
5203,51
5204,51
5205,51
5206,51
5207,51
5208,51
5209,51
5210,51
5211,51
5212,51
5213,51
5214,51
5215,51
5216,51
5217,51
5218,51
5219,51
5220,51
5221,51
