Sec ID,X,Type,Distance,Name
0,0.5,soma,11.584681059280044,L5PCtemplate[0].soma[0](0.5)
1,0.5,dend,23.685120174334173,L5PCtemplate[0].dend[0](0.5)
2,0.5,dend,43.376657406909544,L5PCtemplate[0].dend[1](0.5)
3,0.07142857142857142,dend,61.79997353369858,L5PCtemplate[0].dend[2](0.0714286)
3,0.21428571428571427,dend,83.46440955223416,L5PCtemplate[0].dend[2](0.214286)
3,0.3571428571428571,dend,105.12884557076974,L5PCtemplate[0].dend[2](0.357143)
3,0.49999999999999994,dend,126.79328158930532,L5PCtemplate[0].dend[2](0.5)
3,0.6428571428571428,dend,148.4577176078409,L5PCtemplate[0].dend[2](0.642857)
3,0.7857142857142856,dend,170.12215362637647,L5PCtemplate[0].dend[2](0.785714)
3,0.9285714285714284,dend,191.78658964491206,L5PCtemplate[0].dend[2](0.928571)
4,0.5,dend,54.695572477958606,L5PCtemplate[0].dend[3](0.5)
5,0.1,dend,67.68097204351214,L5PCtemplate[0].dend[4](0.1)
5,0.30000000000000004,dend,86.19613726756356,L5PCtemplate[0].dend[4](0.3)
5,0.5,dend,104.71130249161499,L5PCtemplate[0].dend[4](0.5)
5,0.7,dend,123.2264677156664,L5PCtemplate[0].dend[4](0.7)
5,0.8999999999999999,dend,141.74163293971782,L5PCtemplate[0].dend[4](0.9)
6,0.05555555555555555,dend,69.15359332682125,L5PCtemplate[0].dend[5](0.0555556)
6,0.16666666666666666,dend,90.61400111749089,L5PCtemplate[0].dend[5](0.166667)
6,0.2777777777777778,dend,112.07440890816054,L5PCtemplate[0].dend[5](0.277778)
6,0.3888888888888889,dend,133.53481669883018,L5PCtemplate[0].dend[5](0.388889)
6,0.5,dend,154.99522448949983,L5PCtemplate[0].dend[5](0.5)
6,0.6111111111111112,dend,176.45563228016948,L5PCtemplate[0].dend[5](0.611111)
6,0.7222222222222223,dend,197.91604007083907,L5PCtemplate[0].dend[5](0.722222)
6,0.8333333333333335,dend,219.37644786150878,L5PCtemplate[0].dend[5](0.833333)
6,0.9444444444444446,dend,240.83685565217837,L5PCtemplate[0].dend[5](0.944444)
7,0.07142857142857142,dend,45.30642964871635,L5PCtemplate[0].dend[6](0.0714286)
7,0.21428571428571427,dend,64.34817036737246,L5PCtemplate[0].dend[6](0.214286)
7,0.3571428571428571,dend,83.38991108602856,L5PCtemplate[0].dend[6](0.357143)
7,0.49999999999999994,dend,102.43165180468468,L5PCtemplate[0].dend[6](0.5)
7,0.6428571428571428,dend,121.47339252334079,L5PCtemplate[0].dend[6](0.642857)
7,0.7857142857142856,dend,140.51513324199686,L5PCtemplate[0].dend[6](0.785714)
7,0.9285714285714284,dend,159.55687396065298,L5PCtemplate[0].dend[6](0.928571)
8,0.5,dend,25.153635303841966,L5PCtemplate[0].dend[7](0.5)
9,0.5,dend,46.95412193191092,L5PCtemplate[0].dend[8](0.5)
10,0.5,dend,63.15924307395112,L5PCtemplate[0].dend[9](0.5)
11,0.16666666666666666,dend,66.91099239677285,L5PCtemplate[0].dend[10](0.166667)
11,0.5,dend,90.36166855948268,L5PCtemplate[0].dend[10](0.5)
11,0.8333333333333333,dend,113.81234472219249,L5PCtemplate[0].dend[10](0.833333)
12,0.5,dend,42.76233532979531,L5PCtemplate[0].dend[11](0.5)
13,0.5,dend,60.75370898766455,L5PCtemplate[0].dend[12](0.5)
14,0.07142857142857142,dend,85.23817306740301,L5PCtemplate[0].dend[13](0.0714286)
14,0.21428571428571427,dend,106.30384547392431,L5PCtemplate[0].dend[13](0.214286)
14,0.3571428571428571,dend,127.3695178804456,L5PCtemplate[0].dend[13](0.357143)
14,0.49999999999999994,dend,148.43519028696687,L5PCtemplate[0].dend[13](0.5)
14,0.6428571428571428,dend,169.50086269348816,L5PCtemplate[0].dend[13](0.642857)
14,0.7857142857142856,dend,190.56653510000945,L5PCtemplate[0].dend[13](0.785714)
14,0.9285714285714284,dend,211.63220750653073,L5PCtemplate[0].dend[13](0.928571)
15,0.07142857142857142,dend,84.12946469704029,L5PCtemplate[0].dend[14](0.0714286)
15,0.21428571428571427,dend,102.97772036283612,L5PCtemplate[0].dend[14](0.214286)
15,0.3571428571428571,dend,121.82597602863196,L5PCtemplate[0].dend[14](0.357143)
15,0.49999999999999994,dend,140.67423169442782,L5PCtemplate[0].dend[14](0.5)
15,0.6428571428571428,dend,159.52248736022364,L5PCtemplate[0].dend[14](0.642857)
15,0.7857142857142856,dend,178.37074302601945,L5PCtemplate[0].dend[14](0.785714)
15,0.9285714285714284,dend,197.21899869181533,L5PCtemplate[0].dend[14](0.928571)
16,0.16666666666666666,dend,54.194117300567484,L5PCtemplate[0].dend[15](0.166667)
16,0.5,dend,68.97818967932899,L5PCtemplate[0].dend[15](0.5)
16,0.8333333333333333,dend,83.7622620580905,L5PCtemplate[0].dend[15](0.833333)
17,0.5,dend,17.007759883768998,L5PCtemplate[0].dend[16](0.5)
18,0.5,dend,25.98002923331516,L5PCtemplate[0].dend[17](0.5)
19,0.5,dend,49.484739032008434,L5PCtemplate[0].dend[18](0.5)
20,0.5,dend,84.0851219578796,L5PCtemplate[0].dend[19](0.5)
21,0.5,dend,70.31308345357617,L5PCtemplate[0].dend[20](0.5)
22,0.5,dend,83.3175177762149,L5PCtemplate[0].dend[21](0.5)
23,0.16666666666666666,dend,78.6865814500416,L5PCtemplate[0].dend[22](0.166667)
23,0.5,dend,93.68792714710914,L5PCtemplate[0].dend[22](0.5)
23,0.8333333333333333,dend,108.68927284417667,L5PCtemplate[0].dend[22](0.833333)
24,0.5,dend,118.60562735198347,L5PCtemplate[0].dend[23](0.5)
25,0.5,dend,123.36762958838811,L5PCtemplate[0].dend[24](0.5)
26,0.5,dend,43.55461003450599,L5PCtemplate[0].dend[25](0.5)
27,0.5,dend,73.78483825144616,L5PCtemplate[0].dend[26](0.5)
28,0.16666666666666666,dend,101.42502984666582,L5PCtemplate[0].dend[27](0.166667)
28,0.5,dend,124.29573715549212,L5PCtemplate[0].dend[27](0.5)
28,0.8333333333333333,dend,147.16644446431837,L5PCtemplate[0].dend[27](0.833333)
29,0.05555555555555555,dend,99.72589006337334,L5PCtemplate[0].dend[28](0.0555556)
29,0.16666666666666666,dend,119.19831780561462,L5PCtemplate[0].dend[28](0.166667)
29,0.2777777777777778,dend,138.67074554785592,L5PCtemplate[0].dend[28](0.277778)
29,0.3888888888888889,dend,158.1431732900972,L5PCtemplate[0].dend[28](0.388889)
29,0.5,dend,177.61560103233853,L5PCtemplate[0].dend[28](0.5)
29,0.6111111111111112,dend,197.0880287745798,L5PCtemplate[0].dend[28](0.611111)
29,0.7222222222222223,dend,216.5604565168211,L5PCtemplate[0].dend[28](0.722222)
29,0.8333333333333335,dend,236.03288425906243,L5PCtemplate[0].dend[28](0.833333)
29,0.9444444444444446,dend,255.5053120013037,L5PCtemplate[0].dend[28](0.944444)
30,0.5,dend,68.94748552015548,L5PCtemplate[0].dend[29](0.5)
31,0.5,dend,92.38622512914618,L5PCtemplate[0].dend[30](0.5)
32,0.1,dend,113.79450671422445,L5PCtemplate[0].dend[31](0.1)
32,0.30000000000000004,dend,132.4685610854313,L5PCtemplate[0].dend[31](0.3)
32,0.5,dend,151.14261545663817,L5PCtemplate[0].dend[31](0.5)
32,0.7,dend,169.81666982784498,L5PCtemplate[0].dend[31](0.7)
32,0.8999999999999999,dend,188.49072419905184,L5PCtemplate[0].dend[31](0.9)
33,0.1,dend,114.15409302358559,L5PCtemplate[0].dend[32](0.1)
33,0.30000000000000004,dend,133.5473200135147,L5PCtemplate[0].dend[32](0.3)
33,0.5,dend,152.9405470034439,L5PCtemplate[0].dend[32](0.5)
33,0.7,dend,172.33377399337303,L5PCtemplate[0].dend[32](0.7)
33,0.8999999999999999,dend,191.72700098330216,L5PCtemplate[0].dend[32](0.9)
34,0.1,dend,88.32971429198041,L5PCtemplate[0].dend[33](0.1)
34,0.30000000000000004,dend,104.35920141659851,L5PCtemplate[0].dend[33](0.3)
34,0.5,dend,120.38868854121658,L5PCtemplate[0].dend[33](0.5)
34,0.7,dend,136.41817566583467,L5PCtemplate[0].dend[33](0.7)
34,0.8999999999999999,dend,152.4476627904528,L5PCtemplate[0].dend[33](0.9)
35,0.5,dend,31.524097790919825,L5PCtemplate[0].dend[34](0.5)
36,0.07142857142857142,dend,52.04017135889184,L5PCtemplate[0].dend[35](0.0714286)
36,0.21428571428571427,dend,74.88580032951214,L5PCtemplate[0].dend[35](0.214286)
36,0.3571428571428571,dend,97.73142930013243,L5PCtemplate[0].dend[35](0.357143)
36,0.49999999999999994,dend,120.57705827075272,L5PCtemplate[0].dend[35](0.5)
36,0.6428571428571428,dend,143.422687241373,L5PCtemplate[0].dend[35](0.642857)
36,0.7857142857142856,dend,166.2683162119933,L5PCtemplate[0].dend[35](0.785714)
36,0.9285714285714284,dend,189.11394518261358,L5PCtemplate[0].dend[35](0.928571)
37,0.16666666666666666,dend,49.11656274943088,L5PCtemplate[0].dend[36](0.166667)
37,0.5,dend,66.11497450112924,L5PCtemplate[0].dend[36](0.5)
37,0.8333333333333333,dend,83.1133862528276,L5PCtemplate[0].dend[36](0.833333)
38,0.16666666666666666,dend,104.90830239692104,L5PCtemplate[0].dend[37](0.166667)
38,0.5,dend,131.4997229334096,L5PCtemplate[0].dend[37](0.5)
38,0.8333333333333333,dend,158.09114346989816,L5PCtemplate[0].dend[37](0.833333)
39,0.16666666666666666,dend,102.77385335077885,L5PCtemplate[0].dend[38](0.166667)
39,0.5,dend,125.09637579498302,L5PCtemplate[0].dend[38](0.5)
39,0.8333333333333333,dend,147.41889823918723,L5PCtemplate[0].dend[38](0.833333)
40,0.1,dend,21.19770181309925,L5PCtemplate[0].dend[39](0.1)
40,0.30000000000000004,dend,40.42374332073766,L5PCtemplate[0].dend[39](0.3)
40,0.5,dend,59.64978482837607,L5PCtemplate[0].dend[39](0.5)
40,0.7,dend,78.87582633601447,L5PCtemplate[0].dend[39](0.7)
40,0.8999999999999999,dend,98.1018678436529,L5PCtemplate[0].dend[39](0.9)
41,0.1,dend,116.96455005124055,L5PCtemplate[0].dend[40](0.1)
41,0.30000000000000004,dend,135.46387295877747,L5PCtemplate[0].dend[40](0.3)
41,0.5,dend,153.96319586631438,L5PCtemplate[0].dend[40](0.5)
41,0.7,dend,172.46251877385134,L5PCtemplate[0].dend[40](0.7)
41,0.8999999999999999,dend,190.96184168138825,L5PCtemplate[0].dend[40](0.9)
42,0.5,dend,126.69388733406447,L5PCtemplate[0].dend[41](0.5)
43,0.5,dend,19.134581469327554,L5PCtemplate[0].dend[42](0.5)
44,0.5,dend,39.236865054279654,L5PCtemplate[0].dend[43](0.5)
45,0.1,dend,60.36203466659426,L5PCtemplate[0].dend[44](0.1)
45,0.30000000000000004,dend,77.5076075414143,L5PCtemplate[0].dend[44](0.3)
45,0.5,dend,94.65318041623435,L5PCtemplate[0].dend[44](0.5)
45,0.7,dend,111.7987532910544,L5PCtemplate[0].dend[44](0.7)
45,0.8999999999999999,dend,128.94432616587443,L5PCtemplate[0].dend[44](0.9)
46,0.07142857142857142,dend,62.29762052507359,L5PCtemplate[0].dend[45](0.0714286)
46,0.21428571428571427,dend,83.3143651168523,L5PCtemplate[0].dend[45](0.214286)
46,0.3571428571428571,dend,104.33110970863102,L5PCtemplate[0].dend[45](0.357143)
46,0.49999999999999994,dend,125.34785430040972,L5PCtemplate[0].dend[45](0.5)
46,0.6428571428571428,dend,146.36459889218844,L5PCtemplate[0].dend[45](0.642857)
46,0.7857142857142856,dend,167.3813434839671,L5PCtemplate[0].dend[45](0.785714)
46,0.9285714285714284,dend,188.39808807574582,L5PCtemplate[0].dend[45](0.928571)
47,0.5,dend,31.611188481369112,L5PCtemplate[0].dend[46](0.5)
48,0.5,dend,40.511228579769494,L5PCtemplate[0].dend[47](0.5)
49,0.16666666666666666,dend,53.117938220707586,L5PCtemplate[0].dend[48](0.166667)
49,0.5,dend,70.38469050977113,L5PCtemplate[0].dend[48](0.5)
49,0.8333333333333333,dend,87.65144279883467,L5PCtemplate[0].dend[48](0.833333)
50,0.5,dend,104.99675813988493,L5PCtemplate[0].dend[49](0.5)
51,0.5,dend,100.47779507920052,L5PCtemplate[0].dend[50](0.5)
52,0.16666666666666666,dend,54.42691513006233,L5PCtemplate[0].dend[51](0.166667)
52,0.5,dend,74.31162123783537,L5PCtemplate[0].dend[51](0.5)
52,0.8333333333333333,dend,94.1963273456084,L5PCtemplate[0].dend[51](0.833333)
53,0.5,dend,38.26196533896829,L5PCtemplate[0].dend[52](0.5)
54,0.5,dend,50.49431150301488,L5PCtemplate[0].dend[53](0.5)
55,0.1,dend,71.6922569989571,L5PCtemplate[0].dend[54](0.1)
55,0.30000000000000004,dend,93.07159617395864,L5PCtemplate[0].dend[54](0.3)
55,0.5,dend,114.45093534896017,L5PCtemplate[0].dend[54](0.5)
55,0.7,dend,135.8302745239617,L5PCtemplate[0].dend[54](0.7)
55,0.8999999999999999,dend,157.2096136989632,L5PCtemplate[0].dend[54](0.9)
56,0.5,dend,62.55939761839209,L5PCtemplate[0].dend[55](0.5)
57,0.16666666666666666,dend,73.15339736778739,L5PCtemplate[0].dend[56](0.166667)
57,0.5,dend,91.22777645270646,L5PCtemplate[0].dend[56](0.5)
57,0.8333333333333333,dend,109.30215553762554,L5PCtemplate[0].dend[56](0.833333)
58,0.5,dend,72.55771256930629,L5PCtemplate[0].dend[57](0.5)
59,0.07142857142857142,dend,89.91900974132152,L5PCtemplate[0].dend[58](0.0714286)
59,0.21428571428571427,dend,107.7585945973951,L5PCtemplate[0].dend[58](0.214286)
59,0.3571428571428571,dend,125.5981794534687,L5PCtemplate[0].dend[58](0.357143)
59,0.49999999999999994,dend,143.43776430954227,L5PCtemplate[0].dend[58](0.5)
59,0.6428571428571428,dend,161.27734916561587,L5PCtemplate[0].dend[58](0.642857)
59,0.7857142857142856,dend,179.11693402168947,L5PCtemplate[0].dend[58](0.785714)
59,0.9285714285714284,dend,196.95651887776307,L5PCtemplate[0].dend[58](0.928571)
60,0.07142857142857142,dend,91.96161382787453,L5PCtemplate[0].dend[59](0.0714286)
60,0.21428571428571427,dend,113.88640685705411,L5PCtemplate[0].dend[59](0.214286)
60,0.3571428571428571,dend,135.8111998862337,L5PCtemplate[0].dend[59](0.357143)
60,0.49999999999999994,dend,157.7359929154133,L5PCtemplate[0].dend[59](0.5)
60,0.6428571428571428,dend,179.66078594459293,L5PCtemplate[0].dend[59](0.642857)
60,0.7857142857142856,dend,201.5855789737725,L5PCtemplate[0].dend[59](0.785714)
60,0.9285714285714284,dend,223.51037200295212,L5PCtemplate[0].dend[59](0.928571)
61,0.1,dend,48.11568515762355,L5PCtemplate[0].dend[60](0.1)
61,0.30000000000000004,dend,64.37498428372382,L5PCtemplate[0].dend[60](0.3)
61,0.5,dend,80.63428340982409,L5PCtemplate[0].dend[60](0.5)
61,0.7,dend,96.89358253592437,L5PCtemplate[0].dend[60](0.7)
61,0.8999999999999999,dend,113.15288166202464,L5PCtemplate[0].dend[60](0.9)
62,0.1,dend,130.15984451770422,L5PCtemplate[0].dend[61](0.1)
62,0.30000000000000004,dend,147.9144711029631,L5PCtemplate[0].dend[61](0.3)
62,0.5,dend,165.669097688222,L5PCtemplate[0].dend[61](0.5)
62,0.7,dend,183.42372427348084,L5PCtemplate[0].dend[61](0.7)
62,0.8999999999999999,dend,201.17835085873975,L5PCtemplate[0].dend[61](0.9)
63,0.1,dend,131.54209788544483,L5PCtemplate[0].dend[62](0.1)
63,0.30000000000000004,dend,152.06123120618486,L5PCtemplate[0].dend[62](0.3)
63,0.5,dend,172.58036452692494,L5PCtemplate[0].dend[62](0.5)
63,0.7,dend,193.09949784766502,L5PCtemplate[0].dend[62](0.7)
63,0.8999999999999999,dend,213.6186311684051,L5PCtemplate[0].dend[62](0.9)
64,0.5,dend,21.99791443707396,L5PCtemplate[0].dend[63](0.5)
65,0.5,dend,43.79339593421373,L5PCtemplate[0].dend[64](0.5)
66,0.5,dend,68.01074554677353,L5PCtemplate[0].dend[65](0.5)
67,0.07142857142857142,dend,90.68340297221485,L5PCtemplate[0].dend[66](0.0714286)
67,0.21428571428571427,dend,110.35851483666956,L5PCtemplate[0].dend[66](0.214286)
67,0.3571428571428571,dend,130.03362670112426,L5PCtemplate[0].dend[66](0.357143)
67,0.49999999999999994,dend,149.70873856557898,L5PCtemplate[0].dend[66](0.5)
67,0.6428571428571428,dend,169.3838504300337,L5PCtemplate[0].dend[66](0.642857)
67,0.7857142857142856,dend,189.05896229448837,L5PCtemplate[0].dend[66](0.785714)
67,0.9285714285714284,dend,208.7340741589431,L5PCtemplate[0].dend[66](0.928571)
68,0.1,dend,91.56317190102511,L5PCtemplate[0].dend[67](0.1)
68,0.30000000000000004,dend,112.99782162310034,L5PCtemplate[0].dend[67](0.3)
68,0.5,dend,134.43247134517557,L5PCtemplate[0].dend[67](0.5)
68,0.7,dend,155.86712106725082,L5PCtemplate[0].dend[67](0.7)
68,0.8999999999999999,dend,177.30177078932604,L5PCtemplate[0].dend[67](0.9)
69,0.16666666666666666,dend,65.1512755144224,L5PCtemplate[0].dend[68](0.166667)
69,0.5,dend,85.10253843614804,L5PCtemplate[0].dend[68](0.5)
69,0.8333333333333333,dend,105.0538013578737,L5PCtemplate[0].dend[68](0.833333)
70,0.1,dend,125.3566566162255,L5PCtemplate[0].dend[69](0.1)
70,0.30000000000000004,dend,146.01110421120347,L5PCtemplate[0].dend[69](0.3)
70,0.5,dend,166.66555180618144,L5PCtemplate[0].dend[69](0.5)
70,0.7,dend,187.3199994011594,L5PCtemplate[0].dend[69](0.7)
70,0.8999999999999999,dend,207.97444699613737,L5PCtemplate[0].dend[69](0.9)
71,0.05555555555555555,dend,124.956174973597,L5PCtemplate[0].dend[70](0.0555556)
71,0.16666666666666666,dend,144.809659283318,L5PCtemplate[0].dend[70](0.166667)
71,0.2777777777777778,dend,164.66314359303897,L5PCtemplate[0].dend[70](0.277778)
71,0.3888888888888889,dend,184.51662790275998,L5PCtemplate[0].dend[70](0.388889)
71,0.5,dend,204.37011221248093,L5PCtemplate[0].dend[70](0.5)
71,0.6111111111111112,dend,224.22359652220194,L5PCtemplate[0].dend[70](0.611111)
71,0.7222222222222223,dend,244.07708083192296,L5PCtemplate[0].dend[70](0.722222)
71,0.8333333333333335,dend,263.9305651416439,L5PCtemplate[0].dend[70](0.833333)
71,0.9444444444444446,dend,283.7840494513649,L5PCtemplate[0].dend[70](0.944444)
72,0.5,dend,43.431583169161684,L5PCtemplate[0].dend[71](0.5)
73,0.05555555555555555,dend,65.55045704893816,L5PCtemplate[0].dend[72](0.0555556)
73,0.16666666666666666,dend,87.74733409990351,L5PCtemplate[0].dend[72](0.166667)
73,0.2777777777777778,dend,109.94421115086885,L5PCtemplate[0].dend[72](0.277778)
73,0.3888888888888889,dend,132.14108820183418,L5PCtemplate[0].dend[72](0.388889)
73,0.5,dend,154.33796525279956,L5PCtemplate[0].dend[72](0.5)
73,0.6111111111111112,dend,176.5348423037649,L5PCtemplate[0].dend[72](0.611111)
73,0.7222222222222223,dend,198.73171935473022,L5PCtemplate[0].dend[72](0.722222)
73,0.8333333333333335,dend,220.9285964056956,L5PCtemplate[0].dend[72](0.833333)
73,0.9444444444444446,dend,243.12547345666093,L5PCtemplate[0].dend[72](0.944444)
74,0.5,dend,61.136253917246364,L5PCtemplate[0].dend[73](0.5)
75,0.1,dend,78.8701601312148,L5PCtemplate[0].dend[74](0.1)
75,0.30000000000000004,dend,100.96950177156991,L5PCtemplate[0].dend[74](0.3)
75,0.5,dend,123.06884341192504,L5PCtemplate[0].dend[74](0.5)
75,0.7,dend,145.16818505228014,L5PCtemplate[0].dend[74](0.7)
75,0.8999999999999999,dend,167.26752669263527,L5PCtemplate[0].dend[74](0.9)
76,0.5,dend,80.32105935919517,L5PCtemplate[0].dend[75](0.5)
77,0.16666666666666666,dend,103.42504694763132,L5PCtemplate[0].dend[76](0.166667)
77,0.5,dend,124.63188202818775,L5PCtemplate[0].dend[76](0.5)
77,0.8333333333333333,dend,145.83871710874416,L5PCtemplate[0].dend[76](0.833333)
78,0.16666666666666666,dend,100.86394087242225,L5PCtemplate[0].dend[77](0.166667)
78,0.5,dend,116.94856380256056,L5PCtemplate[0].dend[77](0.5)
78,0.8333333333333333,dend,133.03318673269888,L5PCtemplate[0].dend[77](0.833333)
79,0.16666666666666666,dend,18.296019922873125,L5PCtemplate[0].dend[78](0.166667)
79,0.5,dend,31.71869765005929,L5PCtemplate[0].dend[78](0.5)
79,0.8333333333333333,dend,45.14137537724546,L5PCtemplate[0].dend[78](0.833333)
80,0.5,dend,19.472293561258248,L5PCtemplate[0].dend[79](0.5)
81,0.16666666666666666,dend,38.4597066482708,L5PCtemplate[0].dend[80](0.166667)
81,0.5,dend,60.65930781833951,L5PCtemplate[0].dend[80](0.5)
81,0.8333333333333333,dend,82.8589089884082,L5PCtemplate[0].dend[80](0.833333)
82,0.5,dend,40.46781262524572,L5PCtemplate[0].dend[81](0.5)
83,0.07142857142857142,dend,63.25794961446548,L5PCtemplate[0].dend[82](0.0714286)
83,0.21428571428571427,dend,82.62241046888647,L5PCtemplate[0].dend[82](0.214286)
83,0.3571428571428571,dend,101.98687132330745,L5PCtemplate[0].dend[82](0.357143)
83,0.49999999999999994,dend,121.35133217772845,L5PCtemplate[0].dend[82](0.5)
83,0.6428571428571428,dend,140.71579303214946,L5PCtemplate[0].dend[82](0.642857)
83,0.7857142857142856,dend,160.08025388657046,L5PCtemplate[0].dend[82](0.785714)
83,0.9285714285714284,dend,179.44471474099146,L5PCtemplate[0].dend[82](0.928571)
84,0.5,dend,62.204840638074714,L5PCtemplate[0].dend[83](0.5)
85,0.16666666666666666,apic,19.273949454034774,L5PCtemplate[0].apic[0](0.166667)
85,0.5,apic,34.65248624354424,L5PCtemplate[0].apic[0](0.5)
85,0.8333333333333333,apic,50.03102303305371,L5PCtemplate[0].apic[0](0.833333)
86,0.16666666666666666,apic,68.57024074139798,L5PCtemplate[0].apic[1](0.166667)
86,0.5,apic,90.27013936857709,L5PCtemplate[0].apic[1](0.5)
86,0.8333333333333333,apic,111.97003799575621,L5PCtemplate[0].apic[1](0.833333)
87,0.5,apic,137.2557592531149,L5PCtemplate[0].apic[2](0.5)
88,0.16666666666666666,apic,158.5725582694369,L5PCtemplate[0].apic[3](0.166667)
88,0.5,apic,172.33461241454262,L5PCtemplate[0].apic[3](0.5)
88,0.8333333333333333,apic,186.09666655964833,L5PCtemplate[0].apic[3](0.833333)
89,0.5,apic,196.69564772391692,L5PCtemplate[0].apic[4](0.5)
90,0.5,apic,205.35240951557392,L5PCtemplate[0].apic[5](0.5)
91,0.5,apic,217.8688329178009,L5PCtemplate[0].apic[6](0.5)
92,0.5,apic,240.20924589380672,L5PCtemplate[0].apic[7](0.5)
93,0.16666666666666666,apic,261.80710415299075,L5PCtemplate[0].apic[8](0.166667)
93,0.5,apic,275.47722612391834,L5PCtemplate[0].apic[8](0.5)
93,0.8333333333333333,apic,289.147348094846,L5PCtemplate[0].apic[8](0.833333)
94,0.07142857142857142,apic,266.3004727952778,L5PCtemplate[0].apic[9](0.0714286)
94,0.21428571428571427,apic,288.9573320507796,L5PCtemplate[0].apic[9](0.214286)
94,0.3571428571428571,apic,311.6141913062814,L5PCtemplate[0].apic[9](0.357143)
94,0.49999999999999994,apic,334.27105056178317,L5PCtemplate[0].apic[9](0.5)
94,0.6428571428571428,apic,356.92790981728496,L5PCtemplate[0].apic[9](0.642857)
94,0.7857142857142856,apic,379.58476907278674,L5PCtemplate[0].apic[9](0.785714)
94,0.9285714285714284,apic,402.2416283282885,L5PCtemplate[0].apic[9](0.928571)
95,0.1,apic,233.66085693160153,L5PCtemplate[0].apic[10](0.1)
95,0.30000000000000004,apic,250.0896735546317,L5PCtemplate[0].apic[10](0.3)
95,0.5,apic,266.5184901776619,L5PCtemplate[0].apic[10](0.5)
95,0.7,apic,282.947306800692,L5PCtemplate[0].apic[10](0.7)
95,0.8999999999999999,apic,299.37612342372216,L5PCtemplate[0].apic[10](0.9)
96,0.5,apic,212.0648078318667,L5PCtemplate[0].apic[11](0.5)
97,0.1,apic,225.67649497454522,L5PCtemplate[0].apic[12](0.1)
97,0.30000000000000004,apic,249.35268802719958,L5PCtemplate[0].apic[12](0.3)
97,0.5,apic,273.0288810798539,L5PCtemplate[0].apic[12](0.5)
97,0.7,apic,296.70507413250823,L5PCtemplate[0].apic[12](0.7)
97,0.8999999999999999,apic,320.3812671851626,L5PCtemplate[0].apic[12](0.9)
98,0.07142857142857142,apic,224.86071215608382,L5PCtemplate[0].apic[13](0.0714286)
98,0.21428571428571427,apic,246.9053395718152,L5PCtemplate[0].apic[13](0.214286)
98,0.3571428571428571,apic,268.94996698754665,L5PCtemplate[0].apic[13](0.357143)
98,0.49999999999999994,apic,290.9945944032781,L5PCtemplate[0].apic[13](0.5)
98,0.6428571428571428,apic,313.0392218190096,L5PCtemplate[0].apic[13](0.642857)
98,0.7857142857142856,apic,335.08384923474097,L5PCtemplate[0].apic[13](0.785714)
98,0.9285714285714284,apic,357.12847665047246,L5PCtemplate[0].apic[13](0.928571)
99,0.16666666666666666,apic,211.18036935758454,L5PCtemplate[0].apic[14](0.166667)
99,0.5,apic,232.7139044414883,L5PCtemplate[0].apic[14](0.5)
99,0.8333333333333333,apic,254.24743952539205,L5PCtemplate[0].apic[14](0.833333)
100,0.5,apic,272.9940969056006,L5PCtemplate[0].apic[15](0.5)
101,0.5,apic,288.1820293585134,L5PCtemplate[0].apic[16](0.5)
102,0.05555555555555555,apic,305.1546690250625,L5PCtemplate[0].apic[17](0.0555556)
102,0.16666666666666666,apic,324.6838631288485,L5PCtemplate[0].apic[17](0.166667)
102,0.2777777777777778,apic,344.2130572326344,L5PCtemplate[0].apic[17](0.277778)
102,0.3888888888888889,apic,363.74225133642045,L5PCtemplate[0].apic[17](0.388889)
102,0.5,apic,383.27144544020643,L5PCtemplate[0].apic[17](0.5)
102,0.6111111111111112,apic,402.8006395439925,L5PCtemplate[0].apic[17](0.611111)
102,0.7222222222222223,apic,422.3298336477784,L5PCtemplate[0].apic[17](0.722222)
102,0.8333333333333335,apic,441.85902775156444,L5PCtemplate[0].apic[17](0.833333)
102,0.9444444444444446,apic,461.3882218553504,L5PCtemplate[0].apic[17](0.944444)
103,0.1,apic,306.3818005121103,L5PCtemplate[0].apic[18](0.1)
103,0.30000000000000004,apic,328.36525758999204,L5PCtemplate[0].apic[18](0.3)
103,0.5,apic,350.34871466787376,L5PCtemplate[0].apic[18](0.5)
103,0.7,apic,372.3321717457555,L5PCtemplate[0].apic[18](0.7)
103,0.8999999999999999,apic,394.31562882363727,L5PCtemplate[0].apic[18](0.9)
104,0.05555555555555555,apic,290.19707514627044,L5PCtemplate[0].apic[19](0.0555556)
104,0.16666666666666666,apic,308.6432519510967,L5PCtemplate[0].apic[19](0.166667)
104,0.2777777777777778,apic,327.08942875592305,L5PCtemplate[0].apic[19](0.277778)
104,0.3888888888888889,apic,345.53560556074933,L5PCtemplate[0].apic[19](0.388889)
104,0.5,apic,363.98178236557567,L5PCtemplate[0].apic[19](0.5)
104,0.6111111111111112,apic,382.42795917040206,L5PCtemplate[0].apic[19](0.611111)
104,0.7222222222222223,apic,400.87413597522834,L5PCtemplate[0].apic[19](0.722222)
104,0.8333333333333335,apic,419.3203127800547,L5PCtemplate[0].apic[19](0.833333)
104,0.9444444444444446,apic,437.76648958488096,L5PCtemplate[0].apic[19](0.944444)
105,0.16666666666666666,apic,272.6730029880563,L5PCtemplate[0].apic[20](0.166667)
105,0.5,apic,287.990594829481,L5PCtemplate[0].apic[20](0.5)
105,0.8333333333333333,apic,303.3081866709057,L5PCtemplate[0].apic[20](0.833333)
106,0.5,apic,324.23749899931823,L5PCtemplate[0].apic[21](0.5)
107,0.5,apic,354.2599060505388,L5PCtemplate[0].apic[22](0.5)
108,0.5,apic,383.46384024680384,L5PCtemplate[0].apic[23](0.5)
109,0.5,apic,383.53218282262037,L5PCtemplate[0].apic[24](0.5)
110,0.5,apic,356.3369328288799,L5PCtemplate[0].apic[25](0.5)
111,0.5,apic,318.57287608557755,L5PCtemplate[0].apic[26](0.5)
112,0.5,apic,327.2266827646876,L5PCtemplate[0].apic[27](0.5)
113,0.5,apic,337.7764871090879,L5PCtemplate[0].apic[28](0.5)
114,0.16666666666666666,apic,360.4140218545981,L5PCtemplate[0].apic[29](0.166667)
114,0.5,apic,386.6853090271192,L5PCtemplate[0].apic[29](0.5)
114,0.8333333333333333,apic,412.9565961996402,L5PCtemplate[0].apic[29](0.833333)
115,0.16666666666666666,apic,359.76838909913823,L5PCtemplate[0].apic[30](0.166667)
115,0.5,apic,384.74841076073955,L5PCtemplate[0].apic[30](0.5)
115,0.8333333333333333,apic,409.7284324223408,L5PCtemplate[0].apic[30](0.833333)
116,0.5,apic,427.914516222958,L5PCtemplate[0].apic[31](0.5)
117,0.5,apic,425.7310071409782,L5PCtemplate[0].apic[32](0.5)
118,0.07142857142857142,apic,337.26470596668537,L5PCtemplate[0].apic[33](0.0714286)
118,0.21428571428571427,apic,355.24492600037985,L5PCtemplate[0].apic[33](0.214286)
118,0.3571428571428571,apic,373.22514603407427,L5PCtemplate[0].apic[33](0.357143)
118,0.49999999999999994,apic,391.20536606776875,L5PCtemplate[0].apic[33](0.5)
118,0.6428571428571428,apic,409.18558610146323,L5PCtemplate[0].apic[33](0.642857)
118,0.7857142857142856,apic,427.16580613515765,L5PCtemplate[0].apic[33](0.785714)
118,0.9285714285714284,apic,445.14602616885213,L5PCtemplate[0].apic[33](0.928571)
119,0.16666666666666666,apic,337.33349416475295,L5PCtemplate[0].apic[34](0.166667)
119,0.5,apic,359.6429433351849,L5PCtemplate[0].apic[34](0.5)
119,0.8333333333333333,apic,381.95239250561684,L5PCtemplate[0].apic[34](0.833333)
120,0.1,apic,403.90172233454246,L5PCtemplate[0].apic[35](0.1)
120,0.30000000000000004,apic,425.4909328219618,L5PCtemplate[0].apic[35](0.3)
120,0.5,apic,447.0801433093812,L5PCtemplate[0].apic[35](0.5)
120,0.7,apic,468.6693537968005,L5PCtemplate[0].apic[35](0.7)
120,0.8999999999999999,apic,490.25856428421986,L5PCtemplate[0].apic[35](0.9)
121,0.038461538461538464,apic,402.5403908502934,L5PCtemplate[0].apic[36](0.0384615)
121,0.11538461538461539,apic,421.4069383692147,L5PCtemplate[0].apic[36](0.115385)
121,0.19230769230769232,apic,440.27348588813595,L5PCtemplate[0].apic[36](0.192308)
121,0.2692307692307693,apic,459.1400334070572,L5PCtemplate[0].apic[36](0.269231)
121,0.3461538461538462,apic,478.0065809259785,L5PCtemplate[0].apic[36](0.346154)
121,0.42307692307692313,apic,496.87312844489975,L5PCtemplate[0].apic[36](0.423077)
121,0.5,apic,515.739675963821,L5PCtemplate[0].apic[36](0.5)
121,0.5769230769230769,apic,534.6062234827423,L5PCtemplate[0].apic[36](0.576923)
121,0.6538461538461537,apic,553.4727710016635,L5PCtemplate[0].apic[36](0.653846)
121,0.7307692307692306,apic,572.3393185205848,L5PCtemplate[0].apic[36](0.730769)
121,0.8076923076923075,apic,591.2058660395061,L5PCtemplate[0].apic[36](0.807692)
121,0.8846153846153844,apic,610.0724135584273,L5PCtemplate[0].apic[36](0.884615)
121,0.9615384615384612,apic,628.9389610773487,L5PCtemplate[0].apic[36](0.961538)
122,0.038461538461538464,apic,649.0020377939139,L5PCtemplate[0].apic[37](0.0384615)
122,0.11538461538461539,apic,670.2616437081233,L5PCtemplate[0].apic[37](0.115385)
122,0.19230769230769232,apic,691.5212496223327,L5PCtemplate[0].apic[37](0.192308)
122,0.2692307692307693,apic,712.780855536542,L5PCtemplate[0].apic[37](0.269231)
122,0.3461538461538462,apic,734.0404614507515,L5PCtemplate[0].apic[37](0.346154)
122,0.42307692307692313,apic,755.3000673649609,L5PCtemplate[0].apic[37](0.423077)
122,0.5,apic,776.5596732791703,L5PCtemplate[0].apic[37](0.5)
122,0.5769230769230769,apic,797.8192791933797,L5PCtemplate[0].apic[37](0.576923)
122,0.6538461538461537,apic,819.078885107589,L5PCtemplate[0].apic[37](0.653846)
122,0.7307692307692306,apic,840.3384910217984,L5PCtemplate[0].apic[37](0.730769)
122,0.8076923076923075,apic,861.5980969360079,L5PCtemplate[0].apic[37](0.807692)
122,0.8846153846153844,apic,882.8577028502173,L5PCtemplate[0].apic[37](0.884615)
122,0.9615384615384612,apic,904.1173087644266,L5PCtemplate[0].apic[37](0.961538)
123,0.1,apic,923.4443824653044,L5PCtemplate[0].apic[38](0.1)
123,0.30000000000000004,apic,940.8389239528508,L5PCtemplate[0].apic[38](0.3)
123,0.5,apic,958.2334654403971,L5PCtemplate[0].apic[38](0.5)
123,0.7,apic,975.6280069279435,L5PCtemplate[0].apic[38](0.7)
123,0.8999999999999999,apic,993.0225484154898,L5PCtemplate[0].apic[38](0.9)
124,0.16666666666666666,apic,1009.8763546022763,L5PCtemplate[0].apic[39](0.166667)
124,0.5,apic,1026.1894254883025,L5PCtemplate[0].apic[39](0.5)
124,0.8333333333333333,apic,1042.5024963743288,L5PCtemplate[0].apic[39](0.833333)
125,0.045454545454545456,apic,1011.0571864526626,L5PCtemplate[0].apic[40](0.0454545)
125,0.13636363636363635,apic,1029.731921039462,L5PCtemplate[0].apic[40](0.136364)
125,0.22727272727272727,apic,1048.406655626261,L5PCtemplate[0].apic[40](0.227273)
125,0.3181818181818182,apic,1067.0813902130603,L5PCtemplate[0].apic[40](0.318182)
125,0.40909090909090906,apic,1085.7561247998594,L5PCtemplate[0].apic[40](0.409091)
125,0.5,apic,1104.4308593866588,L5PCtemplate[0].apic[40](0.5)
125,0.5909090909090909,apic,1123.1055939734579,L5PCtemplate[0].apic[40](0.590909)
125,0.6818181818181819,apic,1141.7803285602572,L5PCtemplate[0].apic[40](0.681818)
125,0.7727272727272728,apic,1160.4550631470565,L5PCtemplate[0].apic[40](0.772727)
125,0.8636363636363638,apic,1179.1297977338559,L5PCtemplate[0].apic[40](0.863636)
125,0.9545454545454547,apic,1197.804532320655,L5PCtemplate[0].apic[40](0.954545)
126,0.5,apic,1210.5084104286736,L5PCtemplate[0].apic[41](0.5)
127,0.16666666666666666,apic,1221.3364953488497,L5PCtemplate[0].apic[42](0.166667)
127,0.5,apic,1236.259643559963,L5PCtemplate[0].apic[42](0.5)
127,0.8333333333333333,apic,1251.1827917710764,L5PCtemplate[0].apic[42](0.833333)
128,0.5,apic,1226.0942663391088,L5PCtemplate[0].apic[43](0.5)
129,0.1,apic,1215.5595188502741,L5PCtemplate[0].apic[44](0.1)
129,0.30000000000000004,apic,1232.3947573227133,L5PCtemplate[0].apic[44](0.3)
129,0.5,apic,1249.2299957951525,L5PCtemplate[0].apic[44](0.5)
129,0.7,apic,1266.0652342675914,L5PCtemplate[0].apic[44](0.7)
129,0.8999999999999999,apic,1282.9004727400306,L5PCtemplate[0].apic[44](0.9)
130,0.16666666666666666,apic,927.4535126136407,L5PCtemplate[0].apic[45](0.166667)
130,0.5,apic,952.8663143978592,L5PCtemplate[0].apic[45](0.5)
130,0.8333333333333333,apic,978.2791161820779,L5PCtemplate[0].apic[45](0.833333)
131,0.5,apic,1001.1614376649596,L5PCtemplate[0].apic[46](0.5)
132,0.5,apic,1014.437401663366,L5PCtemplate[0].apic[47](0.5)
133,0.5,apic,1017.152094658373,L5PCtemplate[0].apic[48](0.5)
134,0.07142857142857142,apic,999.7698750450477,L5PCtemplate[0].apic[49](0.0714286)
134,0.21428571428571427,apic,1017.3385909867684,L5PCtemplate[0].apic[49](0.214286)
134,0.3571428571428571,apic,1034.9073069284893,L5PCtemplate[0].apic[49](0.357143)
134,0.49999999999999994,apic,1052.47602287021,L5PCtemplate[0].apic[49](0.5)
134,0.6428571428571428,apic,1070.0447388119308,L5PCtemplate[0].apic[49](0.642857)
134,0.7857142857142856,apic,1087.6134547536517,L5PCtemplate[0].apic[49](0.785714)
134,0.9285714285714284,apic,1105.1821706953726,L5PCtemplate[0].apic[49](0.928571)
135,0.16666666666666666,apic,648.6934013712797,L5PCtemplate[0].apic[50](0.166667)
135,0.5,apic,669.3357344402208,L5PCtemplate[0].apic[50](0.5)
135,0.8333333333333333,apic,689.978067509162,L5PCtemplate[0].apic[50](0.833333)
136,0.045454545454545456,apic,710.093801399195,L5PCtemplate[0].apic[51](0.0454545)
136,0.13636363636363635,apic,729.6829361103198,L5PCtemplate[0].apic[51](0.136364)
136,0.22727272727272727,apic,749.2720708214447,L5PCtemplate[0].apic[51](0.227273)
136,0.3181818181818182,apic,768.8612055325697,L5PCtemplate[0].apic[51](0.318182)
136,0.40909090909090906,apic,788.4503402436945,L5PCtemplate[0].apic[51](0.409091)
136,0.5,apic,808.0394749548194,L5PCtemplate[0].apic[51](0.5)
136,0.5909090909090909,apic,827.6286096659444,L5PCtemplate[0].apic[51](0.590909)
136,0.6818181818181819,apic,847.2177443770693,L5PCtemplate[0].apic[51](0.681818)
136,0.7727272727272728,apic,866.8068790881941,L5PCtemplate[0].apic[51](0.772727)
136,0.8636363636363638,apic,886.396013799319,L5PCtemplate[0].apic[51](0.863636)
136,0.9545454545454547,apic,905.9851485104439,L5PCtemplate[0].apic[51](0.954545)
137,0.1,apic,927.1713370718313,L5PCtemplate[0].apic[52](0.1)
137,0.30000000000000004,apic,949.9545794834812,L5PCtemplate[0].apic[52](0.3)
137,0.5,apic,972.7378218951312,L5PCtemplate[0].apic[52](0.5)
137,0.7,apic,995.521064306781,L5PCtemplate[0].apic[52](0.7)
137,0.8999999999999999,apic,1018.304306718431,L5PCtemplate[0].apic[52](0.9)
138,0.05555555555555555,apic,926.351308550626,L5PCtemplate[0].apic[53](0.0555556)
138,0.16666666666666666,apic,947.4944939198651,L5PCtemplate[0].apic[53](0.166667)
138,0.2777777777777778,apic,968.6376792891044,L5PCtemplate[0].apic[53](0.277778)
138,0.3888888888888889,apic,989.7808646583435,L5PCtemplate[0].apic[53](0.388889)
138,0.5,apic,1010.9240500275828,L5PCtemplate[0].apic[53](0.5)
138,0.6111111111111112,apic,1032.067235396822,L5PCtemplate[0].apic[53](0.611111)
138,0.7222222222222223,apic,1053.2104207660611,L5PCtemplate[0].apic[53](0.722222)
138,0.8333333333333335,apic,1074.3536061353004,L5PCtemplate[0].apic[53](0.833333)
138,0.9444444444444446,apic,1095.4967915045395,L5PCtemplate[0].apic[53](0.944444)
139,0.5,apic,1110.6060908635404,L5PCtemplate[0].apic[54](0.5)
140,0.5,apic,1118.75658954297,L5PCtemplate[0].apic[55](0.5)
141,0.5,apic,1121.9138184241024,L5PCtemplate[0].apic[56](0.5)
142,0.5,apic,1113.7411410272384,L5PCtemplate[0].apic[57](0.5)
143,0.5,apic,1127.080233627359,L5PCtemplate[0].apic[58](0.5)
144,0.5,apic,1125.5762247415544,L5PCtemplate[0].apic[59](0.5)
145,0.045454545454545456,apic,710.8962145832052,L5PCtemplate[0].apic[60](0.0454545)
145,0.13636363636363635,apic,732.0901756623505,L5PCtemplate[0].apic[60](0.136364)
145,0.22727272727272727,apic,753.2841367414958,L5PCtemplate[0].apic[60](0.227273)
145,0.3181818181818182,apic,774.4780978206411,L5PCtemplate[0].apic[60](0.318182)
145,0.40909090909090906,apic,795.6720588997864,L5PCtemplate[0].apic[60](0.409091)
145,0.5,apic,816.8660199789317,L5PCtemplate[0].apic[60](0.5)
145,0.5909090909090909,apic,838.059981058077,L5PCtemplate[0].apic[60](0.590909)
145,0.6818181818181819,apic,859.2539421372223,L5PCtemplate[0].apic[60](0.681818)
145,0.7727272727272728,apic,880.4479032163678,L5PCtemplate[0].apic[60](0.772727)
145,0.8636363636363638,apic,901.6418642955131,L5PCtemplate[0].apic[60](0.863636)
145,0.9545454545454547,apic,922.8358253746583,L5PCtemplate[0].apic[60](0.954545)
146,0.05555555555555555,apic,943.0738268699395,L5PCtemplate[0].apic[61](0.0555556)
146,0.16666666666666666,apic,962.3558687813563,L5PCtemplate[0].apic[61](0.166667)
146,0.2777777777777778,apic,981.6379106927734,L5PCtemplate[0].apic[61](0.277778)
146,0.3888888888888889,apic,1000.9199526041903,L5PCtemplate[0].apic[61](0.388889)
146,0.5,apic,1020.2019945156071,L5PCtemplate[0].apic[61](0.5)
146,0.6111111111111112,apic,1039.484036427024,L5PCtemplate[0].apic[61](0.611111)
146,0.7222222222222223,apic,1058.766078338441,L5PCtemplate[0].apic[61](0.722222)
146,0.8333333333333335,apic,1078.048120249858,L5PCtemplate[0].apic[61](0.833333)
146,0.9444444444444446,apic,1097.330162161275,L5PCtemplate[0].apic[61](0.944444)
147,0.5,apic,1126.8101925423127,L5PCtemplate[0].apic[62](0.5)
148,0.05555555555555555,apic,1155.8419231192609,L5PCtemplate[0].apic[63](0.0555556)
148,0.16666666666666666,apic,1174.227365422498,L5PCtemplate[0].apic[63](0.166667)
148,0.2777777777777778,apic,1192.6128077257351,L5PCtemplate[0].apic[63](0.277778)
148,0.3888888888888889,apic,1210.9982500289723,L5PCtemplate[0].apic[63](0.388889)
148,0.5,apic,1229.3836923322092,L5PCtemplate[0].apic[63](0.5)
148,0.6111111111111112,apic,1247.7691346354463,L5PCtemplate[0].apic[63](0.611111)
148,0.7222222222222223,apic,1266.1545769386835,L5PCtemplate[0].apic[63](0.722222)
148,0.8333333333333335,apic,1284.5400192419206,L5PCtemplate[0].apic[63](0.833333)
148,0.9444444444444446,apic,1302.9254615451578,L5PCtemplate[0].apic[63](0.944444)
149,0.1,apic,1156.7784219191974,L5PCtemplate[0].apic[64](0.1)
149,0.30000000000000004,apic,1177.0368618223076,L5PCtemplate[0].apic[64](0.3)
149,0.5,apic,1197.2953017254179,L5PCtemplate[0].apic[64](0.5)
149,0.7,apic,1217.553741628528,L5PCtemplate[0].apic[64](0.7)
149,0.8999999999999999,apic,1237.8121815316383,L5PCtemplate[0].apic[64](0.9)
150,0.5,apic,1256.1271403859382,L5PCtemplate[0].apic[65](0.5)
151,0.5,apic,1260.9908310564795,L5PCtemplate[0].apic[66](0.5)
152,0.05555555555555555,apic,1117.6804952031148,L5PCtemplate[0].apic[67](0.0555556)
152,0.16666666666666666,apic,1139.099119375378,L5PCtemplate[0].apic[67](0.166667)
152,0.2777777777777778,apic,1160.5177435476412,L5PCtemplate[0].apic[67](0.277778)
152,0.3888888888888889,apic,1181.9363677199044,L5PCtemplate[0].apic[67](0.388889)
152,0.5,apic,1203.3549918921674,L5PCtemplate[0].apic[67](0.5)
152,0.6111111111111112,apic,1224.7736160644306,L5PCtemplate[0].apic[67](0.611111)
152,0.7222222222222223,apic,1246.1922402366936,L5PCtemplate[0].apic[67](0.722222)
152,0.8333333333333335,apic,1267.6108644089568,L5PCtemplate[0].apic[67](0.833333)
152,0.9444444444444446,apic,1289.0294885812198,L5PCtemplate[0].apic[67](0.944444)
153,0.1,apic,943.2310558762715,L5PCtemplate[0].apic[68](0.1)
153,0.30000000000000004,apic,962.8275558003528,L5PCtemplate[0].apic[68](0.3)
153,0.5,apic,982.4240557244341,L5PCtemplate[0].apic[68](0.5)
153,0.7,apic,1002.0205556485153,L5PCtemplate[0].apic[68](0.7)
153,0.8999999999999999,apic,1021.6170555725964,L5PCtemplate[0].apic[68](0.9)
154,0.07142857142857142,apic,1041.589405455893,L5PCtemplate[0].apic[69](0.0714286)
154,0.21428571428571427,apic,1061.9376052984048,L5PCtemplate[0].apic[69](0.214286)
154,0.3571428571428571,apic,1082.2858051409169,L5PCtemplate[0].apic[69](0.357143)
154,0.49999999999999994,apic,1102.634004983429,L5PCtemplate[0].apic[69](0.5)
154,0.6428571428571428,apic,1122.9822048259407,L5PCtemplate[0].apic[69](0.642857)
154,0.7857142857142856,apic,1143.3304046684527,L5PCtemplate[0].apic[69](0.785714)
154,0.9285714285714284,apic,1163.6786045109648,L5PCtemplate[0].apic[69](0.928571)
155,0.16666666666666666,apic,1181.8091763174295,L5PCtemplate[0].apic[70](0.166667)
155,0.5,apic,1197.722120087847,L5PCtemplate[0].apic[70](0.5)
155,0.8333333333333333,apic,1213.6350638582646,L5PCtemplate[0].apic[70](0.833333)
156,0.16666666666666666,apic,1183.4764057109455,L5PCtemplate[0].apic[71](0.166667)
156,0.5,apic,1202.723808268395,L5PCtemplate[0].apic[71](0.5)
156,0.8333333333333333,apic,1221.9712108258445,L5PCtemplate[0].apic[71](0.833333)
157,0.5,apic,1249.2882902345739,L5PCtemplate[0].apic[72](0.5)
158,0.16666666666666666,apic,1243.1200317020266,L5PCtemplate[0].apic[73](0.166667)
158,0.5,apic,1266.1702708969417,L5PCtemplate[0].apic[73](0.5)
158,0.8333333333333333,apic,1289.2205100918568,L5PCtemplate[0].apic[73](0.833333)
159,0.5,apic,1050.8025755333772,L5PCtemplate[0].apic[74](0.5)
160,0.16666666666666666,apic,1082.1057865991384,L5PCtemplate[0].apic[75](0.166667)
160,0.5,apic,1105.9376687331796,L5PCtemplate[0].apic[75](0.5)
160,0.8333333333333333,apic,1129.7695508672211,L5PCtemplate[0].apic[75](0.833333)
161,0.07142857142857142,apic,1151.4676333019793,L5PCtemplate[0].apic[76](0.0714286)
161,0.21428571428571427,apic,1171.0319160374543,L5PCtemplate[0].apic[76](0.214286)
161,0.3571428571428571,apic,1190.5961987729293,L5PCtemplate[0].apic[76](0.357143)
161,0.49999999999999994,apic,1210.1604815084042,L5PCtemplate[0].apic[76](0.5)
161,0.6428571428571428,apic,1229.724764243879,L5PCtemplate[0].apic[76](0.642857)
161,0.7857142857142856,apic,1249.289046979354,L5PCtemplate[0].apic[76](0.785714)
161,0.9285714285714284,apic,1268.853329714829,L5PCtemplate[0].apic[76](0.928571)
162,0.07142857142857142,apic,1151.7151685370425,L5PCtemplate[0].apic[77](0.0714286)
162,0.21428571428571427,apic,1171.7745217426436,L5PCtemplate[0].apic[77](0.214286)
162,0.3571428571428571,apic,1191.8338749482448,L5PCtemplate[0].apic[77](0.357143)
162,0.49999999999999994,apic,1211.893228153846,L5PCtemplate[0].apic[77](0.5)
162,0.6428571428571428,apic,1231.952581359447,L5PCtemplate[0].apic[77](0.642857)
162,0.7857142857142856,apic,1252.011934565048,L5PCtemplate[0].apic[77](0.785714)
162,0.9285714285714284,apic,1272.0712877706492,L5PCtemplate[0].apic[77](0.928571)
163,0.1,apic,1082.1476014710763,L5PCtemplate[0].apic[78](0.1)
163,0.30000000000000004,apic,1106.0631133489935,L5PCtemplate[0].apic[78](0.3)
163,0.5,apic,1129.9786252269105,L5PCtemplate[0].apic[78](0.5)
163,0.7,apic,1153.894137104828,L5PCtemplate[0].apic[78](0.7)
163,0.8999999999999999,apic,1177.809648982745,L5PCtemplate[0].apic[78](0.9)
164,0.16666666666666666,apic,205.95709008267312,L5PCtemplate[0].apic[79](0.166667)
164,0.5,apic,231.9158829836171,L5PCtemplate[0].apic[79](0.5)
164,0.8333333333333333,apic,257.87467588456104,L5PCtemplate[0].apic[79](0.833333)
165,0.5,apic,162.42407568574765,L5PCtemplate[0].apic[80](0.5)
166,0.5,apic,179.6114957866776,L5PCtemplate[0].apic[81](0.5)
167,0.5,apic,203.12536279050124,L5PCtemplate[0].apic[82](0.5)
168,0.16666666666666666,apic,232.77678170708953,L5PCtemplate[0].apic[83](0.166667)
168,0.5,apic,257.96163675675126,L5PCtemplate[0].apic[83](0.5)
168,0.8333333333333333,apic,283.14649180641305,L5PCtemplate[0].apic[83](0.833333)
169,0.16666666666666666,apic,303.84662065878194,L5PCtemplate[0].apic[84](0.166667)
169,0.5,apic,320.062023313858,L5PCtemplate[0].apic[84](0.5)
169,0.8333333333333333,apic,336.27742596893404,L5PCtemplate[0].apic[84](0.833333)
170,0.1,apic,303.85431458375433,L5PCtemplate[0].apic[85](0.1)
170,0.30000000000000004,apic,320.0851050887752,L5PCtemplate[0].apic[85](0.3)
170,0.5,apic,336.3158955937961,L5PCtemplate[0].apic[85](0.5)
170,0.7,apic,352.54668609881696,L5PCtemplate[0].apic[85](0.7)
170,0.8999999999999999,apic,368.7774766038379,L5PCtemplate[0].apic[85](0.9)
171,0.1,apic,228.72377489782724,L5PCtemplate[0].apic[86](0.1)
171,0.30000000000000004,apic,245.80261632896452,L5PCtemplate[0].apic[86](0.3)
171,0.5,apic,262.8814577601018,L5PCtemplate[0].apic[86](0.5)
171,0.7,apic,279.9602991912391,L5PCtemplate[0].apic[86](0.7)
171,0.8999999999999999,apic,297.03914062237635,L5PCtemplate[0].apic[86](0.9)
172,0.07142857142857142,apic,196.90668232211505,L5PCtemplate[0].apic[87](0.0714286)
172,0.21428571428571427,apic,218.58730416885743,L5PCtemplate[0].apic[87](0.214286)
172,0.3571428571428571,apic,240.2679260155998,L5PCtemplate[0].apic[87](0.357143)
172,0.49999999999999994,apic,261.94854786234214,L5PCtemplate[0].apic[87](0.5)
172,0.6428571428571428,apic,283.6291697090845,L5PCtemplate[0].apic[87](0.642857)
172,0.7857142857142856,apic,305.3097915558269,L5PCtemplate[0].apic[87](0.785714)
172,0.9285714285714284,apic,326.99041340256923,L5PCtemplate[0].apic[87](0.928571)
173,0.5,apic,176.19191310760613,L5PCtemplate[0].apic[88](0.5)
174,0.16666666666666666,apic,187.49904621726995,L5PCtemplate[0].apic[89](0.166667)
174,0.5,apic,204.04272657060807,L5PCtemplate[0].apic[89](0.5)
174,0.8333333333333333,apic,220.58640692394613,L5PCtemplate[0].apic[89](0.833333)
175,0.5,apic,232.59638030497996,L5PCtemplate[0].apic[90](0.5)
176,0.5,apic,234.38745604921883,L5PCtemplate[0].apic[91](0.5)
177,0.5,apic,189.59237466332434,L5PCtemplate[0].apic[92](0.5)
178,0.1,apic,210.4617471204462,L5PCtemplate[0].apic[93](0.1)
178,0.30000000000000004,apic,231.47015478924322,L5PCtemplate[0].apic[93](0.3)
178,0.5,apic,252.4785624580402,L5PCtemplate[0].apic[93](0.5)
178,0.7,apic,273.4869701268372,L5PCtemplate[0].apic[93](0.7)
178,0.8999999999999999,apic,294.4953777956342,L5PCtemplate[0].apic[93](0.9)
179,0.5,apic,210.1197180388972,L5PCtemplate[0].apic[94](0.5)
180,0.16666666666666666,apic,229.0300361975717,L5PCtemplate[0].apic[95](0.166667)
180,0.5,apic,246.5263230092218,L5PCtemplate[0].apic[95](0.5)
180,0.8333333333333333,apic,264.02260982087193,L5PCtemplate[0].apic[95](0.833333)
181,0.5,apic,236.90947113093318,L5PCtemplate[0].apic[96](0.5)
182,0.5,apic,258.8097713829477,L5PCtemplate[0].apic[97](0.5)
183,0.5,apic,256.44604565619005,L5PCtemplate[0].apic[98](0.5)
184,0.5,apic,139.11942427335805,L5PCtemplate[0].apic[99](0.5)
185,0.5,apic,158.2100911073697,L5PCtemplate[0].apic[100](0.5)
186,0.07142857142857142,apic,172.38649280997322,L5PCtemplate[0].apic[101](0.0714286)
186,0.21428571428571427,apic,195.15683647518154,L5PCtemplate[0].apic[101](0.214286)
186,0.3571428571428571,apic,217.9271801403899,L5PCtemplate[0].apic[101](0.357143)
186,0.49999999999999994,apic,240.69752380559822,L5PCtemplate[0].apic[101](0.5)
186,0.6428571428571428,apic,263.4678674708066,L5PCtemplate[0].apic[101](0.642857)
186,0.7857142857142856,apic,286.2382111360149,L5PCtemplate[0].apic[101](0.785714)
186,0.9285714285714284,apic,309.0085548012233,L5PCtemplate[0].apic[101](0.928571)
187,0.05555555555555555,apic,170.97330851489596,L5PCtemplate[0].apic[102](0.0555556)
187,0.16666666666666666,apic,190.91728358994976,L5PCtemplate[0].apic[102](0.166667)
187,0.2777777777777778,apic,210.86125866500356,L5PCtemplate[0].apic[102](0.277778)
187,0.3888888888888889,apic,230.80523374005736,L5PCtemplate[0].apic[102](0.388889)
187,0.5,apic,250.74920881511116,L5PCtemplate[0].apic[102](0.5)
187,0.6111111111111112,apic,270.69318389016496,L5PCtemplate[0].apic[102](0.611111)
187,0.7222222222222223,apic,290.63715896521876,L5PCtemplate[0].apic[102](0.722222)
187,0.8333333333333335,apic,310.58113404027256,L5PCtemplate[0].apic[102](0.833333)
187,0.9444444444444446,apic,330.52510911532636,L5PCtemplate[0].apic[102](0.944444)
188,0.1,apic,163.7600932024688,L5PCtemplate[0].apic[103](0.1)
188,0.30000000000000004,apic,180.44255713266568,L5PCtemplate[0].apic[103](0.3)
188,0.5,apic,197.12502106286257,L5PCtemplate[0].apic[103](0.5)
188,0.7,apic,213.80748499305946,L5PCtemplate[0].apic[103](0.7)
188,0.8999999999999999,apic,230.48994892325635,L5PCtemplate[0].apic[103](0.9)
189,0.5,apic,69.39242684257508,L5PCtemplate[0].apic[104](0.5)
190,0.1,apic,90.4324413232239,L5PCtemplate[0].apic[105](0.1)
190,0.30000000000000004,apic,109.16819945498825,L5PCtemplate[0].apic[105](0.3)
190,0.5,apic,127.9039575867526,L5PCtemplate[0].apic[105](0.5)
190,0.7,apic,146.63971571851692,L5PCtemplate[0].apic[105](0.7)
190,0.8999999999999999,apic,165.3754738502813,L5PCtemplate[0].apic[105](0.9)
191,0.5,apic,92.10714502044515,L5PCtemplate[0].apic[106](0.5)
192,0.5,apic,121.19864059413838,L5PCtemplate[0].apic[107](0.5)
193,0.5,apic,118.18707435641254,L5PCtemplate[0].apic[108](0.5)
194,0.5,axon,26.584681059280044,L5PCtemplate[0].axon[0](0.5)
195,0.5,axon,56.584681059280044,L5PCtemplate[0].axon[1](0.5)
