Node ID,Distance,Conductance,Type,Name,EPSC
0,"[114.15409302358559, 220.9285964056956, 120.38868854121658, 178.37074302601945, 143.43776430954227]","[0.06683477180960853, 1.7538845011205153, 0.06147149644994165, 0.11477659947121704, 0.0967351272006584]",dend,"['L5PCtemplate[0].dend[32]', 'L5PCtemplate[0].dend[72]', 'L5PCtemplate[0].dend[33]', 'L5PCtemplate[0].dend[14]', 'L5PCtemplate[0].dend[58]']",-0.03520412867601408
1,"[120.38868854121658, 134.43247134517557, 116.96455005124055, 104.71130249161499, 68.01074554677353]","[0.10736813349566514, 0.357950309416753, 0.2807176317696318, 0.19029458270755512, 0.05678521680026828]",dend,"['L5PCtemplate[1].dend[33]', 'L5PCtemplate[1].dend[67]', 'L5PCtemplate[1].dend[40]', 'L5PCtemplate[1].dend[4]', 'L5PCtemplate[1].dend[65]']",-0.028147278662515873
2,"[133.03318673269888, 116.94856380256056, 100.96950177156991, 101.98687132330745, 131.54209788544483]","[0.21371010431903223, 1.8200109189238718, 0.030079769545139808, 0.08375333198960745, 0.14864353726509547]",dend,"['L5PCtemplate[2].dend[77]', 'L5PCtemplate[2].dend[77]', 'L5PCtemplate[2].dend[74]', 'L5PCtemplate[2].dend[82]', 'L5PCtemplate[2].dend[62]']",-0.06720941523497004
3,"[86.19613726756356, 90.61400111749089, 69.15359332682125, 90.61400111749089, 64.34817036737246]","[0.19162942517438175, 1.2347520350279355, 0.679411216472745, 0.11484709338129834, 0.2438167766568123]",dend,"['L5PCtemplate[3].dend[4]', 'L5PCtemplate[3].dend[5]', 'L5PCtemplate[3].dend[5]', 'L5PCtemplate[3].dend[5]', 'L5PCtemplate[3].dend[6]']",-0.05064895595694452
4,"[158.1431732900972, 109.94421115086885, 155.86712106725082, 146.01110421120347, 25.153635303841966]","[0.3724276830079762, 0.10218145467660832, 0.009232953243148831, 0.02913534592298588, 0.3930696784362577]",dend,"['L5PCtemplate[4].dend[28]', 'L5PCtemplate[4].dend[72]', 'L5PCtemplate[4].dend[67]', 'L5PCtemplate[4].dend[69]', 'L5PCtemplate[4].dend[7]']",-0.0004091930250638143
5,"[123.36762958838811, 120.38868854121658, 62.29762052507359, 126.69388733406447, 114.15409302358559]","[0.041863615754545044, 0.024144932758989365, 0.045066411178953325, 0.2669843960276726, 0.31861710941264265]",dend,"['L5PCtemplate[5].dend[24]', 'L5PCtemplate[5].dend[33]', 'L5PCtemplate[5].dend[45]', 'L5PCtemplate[5].dend[41]', 'L5PCtemplate[5].dend[32]']",-0.03540042224443596
6,"[43.79339593421373, 178.37074302601945, 61.79997353369858, 21.19770181309925, 68.94748552015548]","[0.2591057118183315, 0.23401731861883707, 0.11543271689046995, 0.4134986926171207, 0.19250970447884294]",dend,"['L5PCtemplate[6].dend[64]', 'L5PCtemplate[6].dend[14]', 'L5PCtemplate[6].dend[2]', 'L5PCtemplate[6].dend[39]', 'L5PCtemplate[6].dend[29]']",-0.015886107058804555
7,"[130.03362670112426, 172.46251877385134, 104.99675813988493, 126.79328158930532, 74.88580032951214]","[0.020146798898601298, 0.3032447657918095, 0.05045621394256597, 0.3836762954665893, 0.008584561971869586]",dend,"['L5PCtemplate[7].dend[66]', 'L5PCtemplate[7].dend[40]', 'L5PCtemplate[7].dend[49]', 'L5PCtemplate[7].dend[2]', 'L5PCtemplate[7].dend[35]']",-0.0009040069372190374
8,"[153.96319586631438, 77.5076075414143, 83.3175177762149, 19.134581469327554, 21.99791443707396]","[0.06010871275995141, 0.12493986136460601, 0.0824153396747322, 0.044502745383761984, 0.019439374039001846]",dend,"['L5PCtemplate[8].dend[40]', 'L5PCtemplate[8].dend[44]', 'L5PCtemplate[8].dend[21]', 'L5PCtemplate[8].dend[42]', 'L5PCtemplate[8].dend[63]']",-0.014230870682752084
9,"[101.42502984666582, 153.96319586631438, 49.484739032008434, 121.35133217772845, 125.5981794534687]","[0.4738831085323305, 0.1521958005127665, 0.08126447453404216, 0.24561787202168409, 0.1883153714486039]",dend,"['L5PCtemplate[9].dend[27]', 'L5PCtemplate[9].dend[40]', 'L5PCtemplate[9].dend[18]', 'L5PCtemplate[9].dend[82]', 'L5PCtemplate[9].dend[58]']",-0.01679911718497351
10,"[133.03318673269888, 143.422687241373, 147.9144711029631, 120.57705827075272, 104.99675813988493]","[0.4468249120892168, 1.1348338557558215, 0.5465245359756163, 0.09830363109320911, 0.24263355060616615]",dend,"['L5PCtemplate[10].dend[77]', 'L5PCtemplate[10].dend[35]', 'L5PCtemplate[10].dend[61]', 'L5PCtemplate[10].dend[35]', 'L5PCtemplate[10].dend[49]']",-0.10333184567770104
11,"[54.194117300567484, 83.46440955223416, 178.37074302601945, 141.74163293971782, 132.4685610854313]","[0.2639946074316462, 0.25801315668462016, 0.02552909598991692, 0.05559512336839687, 0.17334987993753492]",dend,"['L5PCtemplate[11].dend[15]', 'L5PCtemplate[11].dend[2]', 'L5PCtemplate[11].dend[14]', 'L5PCtemplate[11].dend[4]', 'L5PCtemplate[11].dend[31]']",-0.016240725081217988
12,"[126.79328158930532, 40.42374332073766, 25.153635303841966, 86.19613726756356, 66.91099239677285]","[0.11282712019028487, 0.46046193512928435, 0.07805250966260083, 0.31165298039853806, 0.08282636479117067]",dend,"['L5PCtemplate[12].dend[2]', 'L5PCtemplate[12].dend[39]', 'L5PCtemplate[12].dend[7]', 'L5PCtemplate[12].dend[4]', 'L5PCtemplate[12].dend[10]']",-0.02688357186286794
13,"[68.97818967932899, 83.46440955223416, 100.86394087242225, 82.8589089884082, 68.97818967932899]","[0.32958907396685677, 0.2704498559471974, 0.1238837182342117, 0.128041580382979, 0.06017667841856161]",dend,"['L5PCtemplate[13].dend[15]', 'L5PCtemplate[13].dend[2]', 'L5PCtemplate[13].dend[77]', 'L5PCtemplate[13].dend[80]', 'L5PCtemplate[13].dend[15]']",-0.05148557382597119
14,"[101.98687132330745, 100.47779507920052, 62.29762052507359, 112.99782162310034, 85.23817306740301]","[0.04817382858323915, 0.3572924090257769, 0.1170834952905968, 0.6880959021931843, 0.08997769806397937]",dend,"['L5PCtemplate[14].dend[82]', 'L5PCtemplate[14].dend[50]', 'L5PCtemplate[14].dend[45]', 'L5PCtemplate[14].dend[67]', 'L5PCtemplate[14].dend[13]']",-0.007381874792145027
15,"[68.97818967932899, 121.82597602863196, 133.53481669883018, 105.12884557076974, 67.68097204351214]","[0.07623364881828108, 0.274558421575086, 0.20470287037231216, 0.04066534297030533, 0.09293657460848]",dend,"['L5PCtemplate[15].dend[15]', 'L5PCtemplate[15].dend[14]', 'L5PCtemplate[15].dend[5]', 'L5PCtemplate[15].dend[2]', 'L5PCtemplate[15].dend[4]']",-0.014374764504054838
16,"[31.71869765005929, 85.23817306740301, 102.43165180468468, 140.51513324199686, 43.431583169161684]","[0.9043430715088083, 0.441018753889659, 0.060490418538390156, 0.1516389450192249, 0.2327444369486501]",dend,"['L5PCtemplate[16].dend[78]', 'L5PCtemplate[16].dend[13]', 'L5PCtemplate[16].dend[6]', 'L5PCtemplate[16].dend[6]', 'L5PCtemplate[16].dend[71]']",-0.041251044005718995
17,"[73.15339736778739, 126.69388733406447, 177.30177078932604, 169.50086269348816, 106.30384547392431]","[0.08549529592026271, 0.07029978096812127, 0.09436864496489832, 0.23069954404056703, 0.18261271759622363]",dend,"['L5PCtemplate[17].dend[56]', 'L5PCtemplate[17].dend[41]', 'L5PCtemplate[17].dend[67]', 'L5PCtemplate[17].dend[13]', 'L5PCtemplate[17].dend[13]']",-0.0037629906643132927
18,"[125.5981794534687, 201.17835085873975, 121.35133217772845, 65.1512755144224, 167.26752669263527]","[0.06571255264176831, 0.04008101152689785, 0.21557975102942004, 0.12853301078027052, 0.08640887080017563]",dend,"['L5PCtemplate[18].dend[58]', 'L5PCtemplate[18].dend[61]', 'L5PCtemplate[18].dend[82]', 'L5PCtemplate[18].dend[68]', 'L5PCtemplate[18].dend[74]']",-0.00818414069811979
19,"[143.43776430954227, 68.01074554677353, 98.1018678436529, 155.86712106725082, 91.96161382787453]","[0.07149484090229023, 0.30912583539987787, 0.2772802931052279, 0.31157775000036775, 0.06794496175485594]",dend,"['L5PCtemplate[19].dend[58]', 'L5PCtemplate[19].dend[65]', 'L5PCtemplate[19].dend[39]', 'L5PCtemplate[19].dend[67]', 'L5PCtemplate[19].dend[59]']",-0.01818905026311768
20,"[121.82597602863196, 83.46440955223416, 68.01074554677353, 151.14261545663817, 135.8111998862337]","[0.09025482085694712, 0.23091060611200506, 0.025122448334380966, 0.043434689817514666, 0.23010087981014732]",dend,"['L5PCtemplate[20].dend[14]', 'L5PCtemplate[20].dend[2]', 'L5PCtemplate[20].dend[65]', 'L5PCtemplate[20].dend[31]', 'L5PCtemplate[20].dend[59]']",-0.0066701026696591725
21,"[152.06123120618486, 65.55045704893816, 25.153635303841966, 94.65318041623435, 116.96455005124055]","[0.5616450339937522, 0.1299587903336216, 0.025730905759126614, 0.042379231019332206, 0.06752923286221782]",dend,"['L5PCtemplate[21].dend[62]', 'L5PCtemplate[21].dend[72]', 'L5PCtemplate[21].dend[7]', 'L5PCtemplate[21].dend[44]', 'L5PCtemplate[21].dend[40]']",-0.004076020260868063
22,"[201.17835085873975, 125.5981794534687, 145.16818505228014, 43.431583169161684, 72.55771256930629]","[0.10475782757729492, 0.15164113810380964, 0.029587163908737994, 0.08443761106829478, 0.10495215644015975]",dend,"['L5PCtemplate[22].dend[61]', 'L5PCtemplate[22].dend[58]', 'L5PCtemplate[22].dend[74]', 'L5PCtemplate[22].dend[71]', 'L5PCtemplate[22].dend[57]']",-0.010411627940243307
23,"[136.41817566583467, 189.11394518261358, 69.15359332682125, 97.73142930013243, 159.55687396065298]","[0.05663841275418277, 0.07037827243116557, 0.6981609926899522, 0.05723931563409527, 0.0380245234331997]",dend,"['L5PCtemplate[23].dend[33]', 'L5PCtemplate[23].dend[35]', 'L5PCtemplate[23].dend[5]', 'L5PCtemplate[23].dend[35]', 'L5PCtemplate[23].dend[6]']",-0.036442969130234815
24,"[62.29762052507359, 105.0538013578737, 85.23817306740301, 64.37498428372382, 124.29573715549212]","[0.06280435791290268, 0.2565723637565081, 0.1643360252366596, 0.08364221085019538, 0.34077656673946194]",dend,"['L5PCtemplate[24].dend[45]', 'L5PCtemplate[24].dend[68]', 'L5PCtemplate[24].dend[13]', 'L5PCtemplate[24].dend[60]', 'L5PCtemplate[24].dend[27]']",-0.014609678879651256
25,"[72.55771256930629, 83.3143651168523, 64.37498428372382, 40.42374332073766, 59.64978482837607]","[0.22725418818342932, 0.04792669506192518, 0.11246242962497593, 0.4147009119596831, 0.17940621125580677]",dend,"['L5PCtemplate[25].dend[57]', 'L5PCtemplate[25].dend[45]', 'L5PCtemplate[25].dend[60]', 'L5PCtemplate[25].dend[39]', 'L5PCtemplate[25].dend[39]']",-0.04370308163146319
26,"[43.79339593421373, 111.7987532910544, 38.4597066482708, 94.1963273456084, 109.94421115086885]","[0.15837650422659805, 0.245606845383089, 0.40010588125364926, 0.12458469039392228, 0.018767410213797634]",dend,"['L5PCtemplate[26].dend[64]', 'L5PCtemplate[26].dend[44]', 'L5PCtemplate[26].dend[80]', 'L5PCtemplate[26].dend[51]', 'L5PCtemplate[26].dend[72]']",-0.029275845842846593
27,"[87.74733409990351, 66.11497450112924, 114.15409302358559, 73.15339736778739, 120.38868854121658]","[0.11962012788805804, 0.526789460490177, 0.24837680318452657, 0.08105384430950192, 0.11993906586160312]",dend,"['L5PCtemplate[27].dend[72]', 'L5PCtemplate[27].dend[36]', 'L5PCtemplate[27].dend[32]', 'L5PCtemplate[27].dend[56]', 'L5PCtemplate[27].dend[33]']",-0.034539107056730245
28,"[62.204840638074714, 91.56317190102511, 157.2096136989632, 143.43776430954227, 155.86712106725082]","[0.2430729305779818, 0.1273959166935337, 0.13477744501587732, 0.5632190854366105, 0.1461463278795853]",dend,"['L5PCtemplate[28].dend[83]', 'L5PCtemplate[28].dend[67]', 'L5PCtemplate[28].dend[54]', 'L5PCtemplate[28].dend[58]', 'L5PCtemplate[28].dend[67]']",-0.012367907767441011
29,"[74.31162123783537, 104.35920141659851, 64.37498428372382, 49.484739032008434, 97.73142930013243]","[0.039019882803805105, 0.5158601828023252, 0.05018389241051621, 0.05053256103766001, 0.039519009055006736]",dend,"['L5PCtemplate[29].dend[51]', 'L5PCtemplate[29].dend[33]', 'L5PCtemplate[29].dend[60]', 'L5PCtemplate[29].dend[18]', 'L5PCtemplate[29].dend[35]']",-0.03304719824228641
30,"[135.8111998862337, 97.73142930013243, 54.42691513006233, 104.35920141659851, 135.8302745239617]","[0.19085876254711864, 0.024412804422783606, 0.029454650610350592, 0.060015916804263235, 0.09123623692873593]",dend,"['L5PCtemplate[30].dend[59]', 'L5PCtemplate[30].dend[35]', 'L5PCtemplate[30].dend[51]', 'L5PCtemplate[30].dend[33]', 'L5PCtemplate[30].dend[54]']",-0.004743216602776101
31,"[23.685120174334173, 82.62241046888647, 49.484739032008434, 125.09637579498302, 91.22777645270646]","[0.717977171670292, 0.37423023494759844, 0.05765601785662803, 0.11719354405586005, 0.19998142291116627]",dend,"['L5PCtemplate[31].dend[0]', 'L5PCtemplate[31].dend[82]', 'L5PCtemplate[31].dend[18]', 'L5PCtemplate[31].dend[38]', 'L5PCtemplate[31].dend[56]']",-0.05234089282453169
32,"[243.12547345666093, 161.27734916561587, 176.5348423037649, 177.30177078932604, 132.14108820183418]","[0.1855671752771219, 0.16787057457087384, 0.13041353642167056, 0.07286575791450442, 0.27470482449991135]",dend,"['L5PCtemplate[32].dend[72]', 'L5PCtemplate[32].dend[58]', 'L5PCtemplate[32].dend[72]', 'L5PCtemplate[32].dend[67]', 'L5PCtemplate[32].dend[72]']",-0.02369404466691094
33,"[31.71869765005929, 133.53481669883018, 140.51513324199686, 43.376657406909544, 84.0851219578796]","[0.19791903623422813, 0.09089006624302207, 0.11600473607117714, 0.3426326574076456, 0.011827619179853298]",dend,"['L5PCtemplate[33].dend[78]', 'L5PCtemplate[33].dend[5]', 'L5PCtemplate[33].dend[6]', 'L5PCtemplate[33].dend[1]', 'L5PCtemplate[33].dend[19]']",-0.01778730017036878
34,"[216.5604565168211, 126.69388733406447, 78.8701601312148, 100.86394087242225, 172.46251877385134]","[0.17233864574581448, 0.046141514227616566, 0.056610456492443166, 0.1394053978795039, 0.0177509747785789]",dend,"['L5PCtemplate[34].dend[28]', 'L5PCtemplate[34].dend[41]', 'L5PCtemplate[34].dend[74]', 'L5PCtemplate[34].dend[77]', 'L5PCtemplate[34].dend[40]']",-0.014916221266503271
35,"[21.99791443707396, 147.16644446431837, 183.42372427348084, 197.0880287745798, 104.35920141659851]","[0.03058932047081588, 0.14342698030557954, 0.1288331381065562, 0.6926515635614717, 0.01745353477567384]",dend,"['L5PCtemplate[35].dend[63]', 'L5PCtemplate[35].dend[27]', 'L5PCtemplate[35].dend[61]', 'L5PCtemplate[35].dend[28]', 'L5PCtemplate[35].dend[33]']",-0.043386446486692876
36,"[121.82597602863196, 21.99791443707396, 191.78658964491206, 102.97772036283612, 126.79328158930532]","[0.1974482199026392, 0.3188461159187755, 0.058082842912587106, 0.44133271637892413, 0.13091517541366868]",dend,"['L5PCtemplate[36].dend[14]', 'L5PCtemplate[36].dend[63]', 'L5PCtemplate[36].dend[2]', 'L5PCtemplate[36].dend[14]', 'L5PCtemplate[36].dend[2]']",-0.03264741041562047
37,"[135.8111998862337, 114.15409302358559, 65.1512755144224, 153.96319586631438, 90.68340297221485]","[0.07599327339168191, 0.048962311176838476, 0.02517814197721889, 0.01235062828275541, 0.7764290110541965]",dend,"['L5PCtemplate[37].dend[59]', 'L5PCtemplate[37].dend[32]', 'L5PCtemplate[37].dend[68]', 'L5PCtemplate[37].dend[40]', 'L5PCtemplate[37].dend[66]']",-0.004349876888909421
38,"[201.5855789737725, 60.75370898766455, 85.10253843614804, 134.43247134517557, 126.69388733406447]","[0.006326459622794684, 0.08144384676736198, 0.08830200210874968, 0.35616595197392603, 0.14806198672876836]",dend,"['L5PCtemplate[38].dend[59]', 'L5PCtemplate[38].dend[12]', 'L5PCtemplate[38].dend[68]', 'L5PCtemplate[38].dend[67]', 'L5PCtemplate[38].dend[41]']",-0.012540219807988251
39,"[126.69388733406447, 169.3838504300337, 124.29573715549212, 198.73171935473022, 116.96455005124055]","[0.05459905426684622, 0.17675470000685964, 0.22281079302296283, 0.1995402142560894, 0.706929141819868]",dend,"['L5PCtemplate[39].dend[41]', 'L5PCtemplate[39].dend[66]', 'L5PCtemplate[39].dend[27]', 'L5PCtemplate[39].dend[72]', 'L5PCtemplate[39].dend[40]']",-0.009695127137376858
40,"[18.296019922873125, 40.42374332073766, 135.8302745239617, 130.15984451770422, 73.15339736778739]","[0.09950895179356663, 0.11984025212392589, 0.17381941280909588, 0.23009868333824346, 0.04723745381773296]",dend,"['L5PCtemplate[40].dend[78]', 'L5PCtemplate[40].dend[39]', 'L5PCtemplate[40].dend[54]', 'L5PCtemplate[40].dend[61]', 'L5PCtemplate[40].dend[56]']",-0.019925664756215156
41,"[43.55461003450599, 80.32105935919517, 130.15984451770422, 116.94856380256056, 85.10253843614804]","[0.14099316213627053, 0.03785605455776184, 0.2312528380818829, 0.04918136473393322, 0.1120196344029718]",dend,"['L5PCtemplate[41].dend[25]', 'L5PCtemplate[41].dend[75]', 'L5PCtemplate[41].dend[61]', 'L5PCtemplate[41].dend[77]', 'L5PCtemplate[41].dend[68]']",-0.010405286131742741
42,"[49.484739032008434, 85.10253843614804, 105.0538013578737, 135.8302745239617, 126.69388733406447]","[0.3560372667549531, 0.2813690963639217, 0.10184686622236865, 0.1372299906743529, 0.14154018390878606]",dend,"['L5PCtemplate[42].dend[18]', 'L5PCtemplate[42].dend[68]', 'L5PCtemplate[42].dend[68]', 'L5PCtemplate[42].dend[54]', 'L5PCtemplate[42].dend[41]']",-0.028641534380824396
43,"[160.08025388657046, 73.78483825144616, 93.07159617395864, 21.19770181309925, 39.236865054279654]","[0.11530607517053301, 0.231185300048425, 0.04322168656541686, 0.20333419027227245, 0.040888661873521595]",dend,"['L5PCtemplate[43].dend[82]', 'L5PCtemplate[43].dend[26]', 'L5PCtemplate[43].dend[54]', 'L5PCtemplate[43].dend[39]', 'L5PCtemplate[43].dend[43]']",-0.014552337228224133
44,"[135.8111998862337, 120.57705827075272, 152.06123120618486, 68.94748552015548, 43.376657406909544]","[0.2429477113946658, 0.031173414288159253, 0.2379064607607099, 0.5138182763760912, 0.33076227191045077]",dend,"['L5PCtemplate[44].dend[59]', 'L5PCtemplate[44].dend[35]', 'L5PCtemplate[44].dend[62]', 'L5PCtemplate[44].dend[29]', 'L5PCtemplate[44].dend[1]']",-0.012816628129996843
45,"[96.89358253592437, 113.15288166202464, 49.11656274943088, 87.74733409990351, 165.669097688222]","[0.02568468364886535, 0.07171249610996577, 0.15479615732247165, 0.011587445041753608, 0.024502667412418442]",dend,"['L5PCtemplate[45].dend[60]', 'L5PCtemplate[45].dend[60]', 'L5PCtemplate[45].dend[36]', 'L5PCtemplate[45].dend[72]', 'L5PCtemplate[45].dend[61]']",-0.002444543100921237
46,"[121.82597602863196, 92.38622512914618, 116.96455005124055, 125.5981794534687, 46.95412193191092]","[0.014332395580645661, 0.11900224011020692, 0.25248013977369155, 0.34825217733349056, 0.05918853486407443]",dend,"['L5PCtemplate[46].dend[14]', 'L5PCtemplate[46].dend[30]', 'L5PCtemplate[46].dend[40]', 'L5PCtemplate[46].dend[58]', 'L5PCtemplate[46].dend[8]']",-0.020118813188219065
47,"[112.07440890816054, 106.30384547392431, 158.09114346989816, 169.81666982784498, 240.83685565217837]","[1.2068150098530261, 0.027040902055127092, 0.458914067359793, 0.0179029170105297, 0.3456104160114958]",dend,"['L5PCtemplate[47].dend[5]', 'L5PCtemplate[47].dend[13]', 'L5PCtemplate[47].dend[37]', 'L5PCtemplate[47].dend[31]', 'L5PCtemplate[47].dend[5]']",-0.05173160174365421
48,"[152.9405470034439, 124.29573715549212, 133.5473200135147, 161.27734916561587, 110.35851483666956]","[0.04235701553779893, 0.04132570299440661, 0.32184894337616854, 0.09357286138844363, 0.021696361099838656]",dend,"['L5PCtemplate[48].dend[32]', 'L5PCtemplate[48].dend[27]', 'L5PCtemplate[48].dend[32]', 'L5PCtemplate[48].dend[58]', 'L5PCtemplate[48].dend[66]']",-0.009528313150042322
49,"[54.42691513006233, 77.5076075414143, 21.19770181309925, 40.46781262524572, 140.71579303214946]","[0.20031938681691283, 0.48661292507855963, 0.060292731708964466, 0.059056506655349554, 0.021063704794848835]",dend,"['L5PCtemplate[49].dend[51]', 'L5PCtemplate[49].dend[44]', 'L5PCtemplate[49].dend[39]', 'L5PCtemplate[49].dend[81]', 'L5PCtemplate[49].dend[82]']",-0.03158923586710216
50,"[147.41889823918723, 159.52248736022364, 176.45563228016948, 126.79328158930532, 159.55687396065298]","[0.06722228635502761, 0.5370555987921206, 0.017553675123303046, 0.012093393437802616, 0.10791545438734236]",dend,"['L5PCtemplate[50].dend[38]', 'L5PCtemplate[50].dend[14]', 'L5PCtemplate[50].dend[5]', 'L5PCtemplate[50].dend[2]', 'L5PCtemplate[50].dend[6]']",-0.02888481936622611
51,"[72.55771256930629, 54.194117300567484, 114.15409302358559, 39.236865054279654, 140.71579303214946]","[0.17134630195980416, 0.047809101691345855, 0.159125020196486, 0.36537769364828054, 0.1585378341693822]",dend,"['L5PCtemplate[51].dend[57]', 'L5PCtemplate[51].dend[15]', 'L5PCtemplate[51].dend[32]', 'L5PCtemplate[51].dend[43]', 'L5PCtemplate[51].dend[82]']",-0.0030296994410150546
52,"[66.91099239677285, 100.96950177156991, 146.01110421120347, 80.63428340982409, 98.1018678436529]","[0.07989660497300459, 0.07375989339550561, 0.04397276994129875, 0.12411064941681703, 0.32744021926187084]",dend,"['L5PCtemplate[52].dend[10]', 'L5PCtemplate[52].dend[74]', 'L5PCtemplate[52].dend[69]', 'L5PCtemplate[52].dend[60]', 'L5PCtemplate[52].dend[39]']",-0.022866916135910742
53,"[207.97444699613737, 101.42502984666582, 161.27734916561587, 183.42372427348084, 125.5981794534687]","[0.13658473449604613, 0.06266386306094607, 0.12326488280693072, 0.38452735150480893, 0.07016807757784223]",dend,"['L5PCtemplate[53].dend[69]', 'L5PCtemplate[53].dend[27]', 'L5PCtemplate[53].dend[58]', 'L5PCtemplate[53].dend[61]', 'L5PCtemplate[53].dend[58]']",-0.0033473419833285334
54,"[66.11497450112924, 177.61560103233853, 38.26196533896829, 216.5604565168211, 155.86712106725082]","[0.3716161862443654, 0.6404800369564013, 0.017030290622310124, 0.6707142495693749, 0.10265858461432281]",dend,"['L5PCtemplate[54].dend[36]', 'L5PCtemplate[54].dend[28]', 'L5PCtemplate[54].dend[52]', 'L5PCtemplate[54].dend[28]', 'L5PCtemplate[54].dend[67]']",-0.025216365411040442
55,"[121.82597602863196, 90.61400111749089, 155.86712106725082, 104.90830239692104, 61.79997353369858]","[0.0874422363031959, 0.1327712559936169, 0.22805758990993158, 0.5223165070846129, 0.14043101924504642]",dend,"['L5PCtemplate[55].dend[14]', 'L5PCtemplate[55].dend[5]', 'L5PCtemplate[55].dend[67]', 'L5PCtemplate[55].dend[37]', 'L5PCtemplate[55].dend[2]']",-0.040363346273863954
56,"[101.42502984666582, 197.0880287745798, 114.45093534896017, 236.03288425906243, 59.64978482837607]","[0.20879846540776334, 0.20886443871024304, 0.21105647931505042, 0.04785991870950795, 0.09931739779108262]",dend,"['L5PCtemplate[56].dend[27]', 'L5PCtemplate[56].dend[28]', 'L5PCtemplate[56].dend[54]', 'L5PCtemplate[56].dend[28]', 'L5PCtemplate[56].dend[39]']",-0.02949136486165571
57,"[134.43247134517557, 146.01110421120347, 70.38469050977113, 104.35920141659851, 223.51037200295212]","[0.3880434049011231, 0.05775813950812941, 0.12300802891981574, 0.45892179062096206, 0.19269083052749697]",dend,"['L5PCtemplate[57].dend[67]', 'L5PCtemplate[57].dend[69]', 'L5PCtemplate[57].dend[48]', 'L5PCtemplate[57].dend[33]', 'L5PCtemplate[57].dend[59]']",-0.03934959371321156
58,"[53.117938220707586, 21.99791443707396, 40.46781262524572, 130.03362670112426, 132.14108820183418]","[0.06336566484514937, 0.3132164199880861, 0.18403569567562125, 1.4788611785414925, 0.6613076646620866]",dend,"['L5PCtemplate[58].dend[48]', 'L5PCtemplate[58].dend[63]', 'L5PCtemplate[58].dend[81]', 'L5PCtemplate[58].dend[66]', 'L5PCtemplate[58].dend[72]']",-0.07823727804634473
59,"[169.3838504300337, 166.66555180618144, 89.91900974132152, 198.73171935473022, 132.14108820183418]","[0.021834506450064756, 0.3972645276621861, 0.056651613260172304, 0.037631552494108454, 0.24472707789727188]",dend,"['L5PCtemplate[59].dend[66]', 'L5PCtemplate[59].dend[69]', 'L5PCtemplate[59].dend[58]', 'L5PCtemplate[59].dend[72]', 'L5PCtemplate[59].dend[72]']",-0.01480851432233976
60,"[54.194117300567484, 69.15359332682125, 83.38991108602856, 49.11656274943088, 64.34817036737246]","[0.03357422086742441, 0.2528824839984405, 0.0586941011570844, 0.09371262176919823, 0.17000173175587546]",dend,"['L5PCtemplate[60].dend[15]', 'L5PCtemplate[60].dend[5]', 'L5PCtemplate[60].dend[6]', 'L5PCtemplate[60].dend[36]', 'L5PCtemplate[60].dend[6]']",-0.004996118218514312
61,"[109.30215553762554, 65.55045704893816, 78.8701601312148, 80.63428340982409, 123.06884341192504]","[0.44694296205302875, 0.08761257498441488, 0.07118621961266201, 0.0708583374544813, 0.29756967800495726]",dend,"['L5PCtemplate[61].dend[56]', 'L5PCtemplate[61].dend[72]', 'L5PCtemplate[61].dend[74]', 'L5PCtemplate[61].dend[60]', 'L5PCtemplate[61].dend[74]']",-0.0036353777758790784
62,"[130.15984451770422, 100.96950177156991, 134.43247134517557, 21.99791443707396, 107.7585945973951]","[0.5862761101286904, 0.2709749185515477, 0.15556563220245254, 0.8593100259580999, 0.07360574450804139]",dend,"['L5PCtemplate[62].dend[61]', 'L5PCtemplate[62].dend[74]', 'L5PCtemplate[62].dend[67]', 'L5PCtemplate[62].dend[63]', 'L5PCtemplate[62].dend[58]']",-0.025007129930543215
63,"[177.30177078932604, 123.36762958838811, 74.31162123783537, 73.78483825144616, 52.04017135889184]","[0.13482625013677463, 0.16662289875982983, 0.10935710771611158, 0.027601748233805498, 0.21560178311863556]",dend,"['L5PCtemplate[63].dend[67]', 'L5PCtemplate[63].dend[24]', 'L5PCtemplate[63].dend[51]', 'L5PCtemplate[63].dend[26]', 'L5PCtemplate[63].dend[35]']",-0.01032620327805489
64,"[49.484739032008434, 116.94856380256056, 90.61400111749089, 90.61400111749089, 100.86394087242225]","[0.13595811059377244, 0.05558588585009356, 0.04864236345574479, 0.7244842929244248, 0.04976308572507402]",dend,"['L5PCtemplate[64].dend[18]', 'L5PCtemplate[64].dend[77]', 'L5PCtemplate[64].dend[5]', 'L5PCtemplate[64].dend[5]', 'L5PCtemplate[64].dend[77]']",-0.047716192842983673
65,"[216.5604565168211, 94.1963273456084, 126.69388733406447, 49.11656274943088, 72.55771256930629]","[0.11463914220018843, 0.084682756517228, 0.054321519620427895, 0.05299736805347583, 0.4306288970048713]",dend,"['L5PCtemplate[65].dend[28]', 'L5PCtemplate[65].dend[51]', 'L5PCtemplate[65].dend[41]', 'L5PCtemplate[65].dend[36]', 'L5PCtemplate[65].dend[57]']",-0.03694726519256619
66,"[143.43776430954227, 50.49431150301488, 196.95651887776307, 172.58036452692494, 116.94856380256056]","[0.12849442693065763, 0.35922895440554803, 0.6577018181001577, 0.11244518760518882, 0.21461080977953342]",dend,"['L5PCtemplate[66].dend[58]', 'L5PCtemplate[66].dend[53]', 'L5PCtemplate[66].dend[58]', 'L5PCtemplate[66].dend[62]', 'L5PCtemplate[66].dend[77]']",-0.059083324322273256
67,"[147.16644446431837, 172.46251877385134, 149.70873856557898, 126.69388733406447, 93.07159617395864]","[0.17469256780131645, 0.0694364757530829, 0.29187293575253154, 0.04508313356219041, 0.06680923850110784]",dend,"['L5PCtemplate[67].dend[27]', 'L5PCtemplate[67].dend[40]', 'L5PCtemplate[67].dend[66]', 'L5PCtemplate[67].dend[41]', 'L5PCtemplate[67].dend[54]']",-0.014217492791601671
68,"[104.71130249161499, 64.34817036737246, 125.09637579498302, 83.1133862528276, 121.47339252334079]","[0.5943052818391042, 0.2470558271875223, 0.03890125612698615, 0.04363953283131585, 0.22296160742646434]",dend,"['L5PCtemplate[68].dend[4]', 'L5PCtemplate[68].dend[6]', 'L5PCtemplate[68].dend[38]', 'L5PCtemplate[68].dend[36]', 'L5PCtemplate[68].dend[6]']",-0.044952722102209464
69,"[147.9144711029631, 213.6186311684051, 135.8302745239617, 145.16818505228014, 166.66555180618144]","[0.42760479652255745, 0.45754796505287626, 0.14182006277022807, 0.03821381754188761, 0.4844512526187008]",dend,"['L5PCtemplate[69].dend[61]', 'L5PCtemplate[69].dend[62]', 'L5PCtemplate[69].dend[54]', 'L5PCtemplate[69].dend[74]', 'L5PCtemplate[69].dend[69]']",-0.022769762612995237
70,"[66.11497450112924, 21.19770181309925, 80.32105935919517, 68.01074554677353, 83.3175177762149]","[0.11401002021983614, 0.20055780586615443, 0.1746911866870923, 0.12613222774164104, 0.10192158515634905]",dend,"['L5PCtemplate[70].dend[36]', 'L5PCtemplate[70].dend[39]', 'L5PCtemplate[70].dend[75]', 'L5PCtemplate[70].dend[65]', 'L5PCtemplate[70].dend[21]']",-0.028702051054096955
71,"[146.36459889218844, 60.65930781833951, 82.62241046888647, 38.4597066482708, 128.94432616587443]","[0.21863310511591713, 0.1985789961287765, 0.02825151441904344, 0.2601665366240845, 2.782171007674528]",dend,"['L5PCtemplate[71].dend[45]', 'L5PCtemplate[71].dend[80]', 'L5PCtemplate[71].dend[82]', 'L5PCtemplate[71].dend[80]', 'L5PCtemplate[71].dend[44]']",-0.06490216206458399
72,"[61.136253917246364, 21.19770181309925, 98.1018678436529, 73.78483825144616, 53.117938220707586]","[0.04388479750718429, 0.18219925004884047, 0.3492052246918296, 0.049981620159579174, 0.2964460983495675]",dend,"['L5PCtemplate[72].dend[73]', 'L5PCtemplate[72].dend[39]', 'L5PCtemplate[72].dend[39]', 'L5PCtemplate[72].dend[26]', 'L5PCtemplate[72].dend[48]']",-0.03191774266184666
73,"[63.25794961446548, 68.97818967932899, 100.96950177156991, 124.956174973597, 23.685120174334173]","[0.022891973452995602, 0.40565906545374614, 0.3160259333987724, 0.013962862239448265, 0.011720425392119635]",dend,"['L5PCtemplate[73].dend[82]', 'L5PCtemplate[73].dend[15]', 'L5PCtemplate[73].dend[74]', 'L5PCtemplate[73].dend[70]', 'L5PCtemplate[73].dend[0]']",-0.025064691095622038
74,"[101.42502984666582, 134.43247134517557, 83.38991108602856, 104.35920141659851, 83.3175177762149]","[1.9502731857906734, 0.0386729279006231, 0.08238935184740209, 0.10339572120083684, 0.06668244137332717]",dend,"['L5PCtemplate[74].dend[27]', 'L5PCtemplate[74].dend[67]', 'L5PCtemplate[74].dend[6]', 'L5PCtemplate[74].dend[33]', 'L5PCtemplate[74].dend[21]']",-0.015117441053291714
75,"[90.68340297221485, 147.9144711029631, 155.86712106725082, 89.91900974132152, 80.63428340982409]","[0.095753109730485, 0.05663143136642055, 0.1206277455378717, 0.0667334173612056, 0.46331805244679625]",dend,"['L5PCtemplate[75].dend[66]', 'L5PCtemplate[75].dend[61]', 'L5PCtemplate[75].dend[67]', 'L5PCtemplate[75].dend[58]', 'L5PCtemplate[75].dend[60]']",-0.029127339617218695
76,"[80.32105935919517, 90.68340297221485, 101.42502984666582, 61.79997353369858, 112.99782162310034]","[0.1023224481236122, 0.27084593917615507, 0.22776374423189433, 0.3685659346827105, 0.15748964426982762]",dend,"['L5PCtemplate[76].dend[75]', 'L5PCtemplate[76].dend[66]', 'L5PCtemplate[76].dend[27]', 'L5PCtemplate[76].dend[2]', 'L5PCtemplate[76].dend[67]']",-0.044158328098831134
77,"[167.3813434839671, 53.117938220707586, 63.25794961446548, 72.55771256930629, 146.36459889218844]","[0.07117248735467671, 0.3848798768412368, 0.11471352817055235, 0.05384170531483704, 0.061979001081407095]",dend,"['L5PCtemplate[77].dend[45]', 'L5PCtemplate[77].dend[48]', 'L5PCtemplate[77].dend[82]', 'L5PCtemplate[77].dend[57]', 'L5PCtemplate[77].dend[45]']",-0.03784444723891056
78,"[216.5604565168211, 85.23817306740301, 21.19770181309925, 91.56317190102511, 124.29573715549212]","[0.0459859662149406, 0.2308848972498312, 0.04292504878704868, 0.13403544474613166, 0.4631885097421084]",dend,"['L5PCtemplate[78].dend[28]', 'L5PCtemplate[78].dend[13]', 'L5PCtemplate[78].dend[39]', 'L5PCtemplate[78].dend[67]', 'L5PCtemplate[78].dend[27]']",-0.03670430343163389
79,"[177.30177078932604, 96.89358253592437, 224.22359652220194, 165.669097688222, 152.06123120618486]","[0.18246270565800446, 0.09563827851364896, 0.1120039577748833, 0.2070079573304879, 1.1117392363106253]",dend,"['L5PCtemplate[79].dend[67]', 'L5PCtemplate[79].dend[60]', 'L5PCtemplate[79].dend[70]', 'L5PCtemplate[79].dend[61]', 'L5PCtemplate[79].dend[62]']",-0.05418342699954337
80,"[151.14261545663817, 91.96161382787453, 71.6922569989571, 102.77385335077885, 123.36762958838811]","[0.1715073983551778, 0.11305830470974657, 0.20237056298682043, 0.11062140711421774, 0.3285665625195646]",dend,"['L5PCtemplate[80].dend[31]', 'L5PCtemplate[80].dend[59]', 'L5PCtemplate[80].dend[54]', 'L5PCtemplate[80].dend[38]', 'L5PCtemplate[80].dend[24]']",-0.04348689093944813
81,"[49.11656274943088, 172.46251877385134, 135.8111998862337, 62.204840638074714, 64.37498428372382]","[0.02040405070118679, 0.09654252301251368, 0.7393120850425113, 0.24591352183113652, 0.286206125262573]",dend,"['L5PCtemplate[81].dend[36]', 'L5PCtemplate[81].dend[40]', 'L5PCtemplate[81].dend[59]', 'L5PCtemplate[81].dend[83]', 'L5PCtemplate[81].dend[60]']",-0.015074068022613574
82,"[134.43247134517557, 144.809659283318, 21.19770181309925, 64.34817036737246, 59.64978482837607]","[0.08764387051375906, 0.8906268430123992, 0.31056882709954, 0.1279777972558133, 0.10645982002923823]",dend,"['L5PCtemplate[82].dend[67]', 'L5PCtemplate[82].dend[70]', 'L5PCtemplate[82].dend[39]', 'L5PCtemplate[82].dend[6]', 'L5PCtemplate[82].dend[39]']",-0.02362956501968938
83,"[39.236865054279654, 48.11568515762355, 70.38469050977113, 48.11568515762355, 68.97818967932899]","[0.09520399555356916, 0.7797493830167649, 1.2692166023888816, 1.362815611209871, 1.0472731416187853]",dend,"['L5PCtemplate[83].dend[43]', 'L5PCtemplate[83].dend[60]', 'L5PCtemplate[83].dend[48]', 'L5PCtemplate[83].dend[60]', 'L5PCtemplate[83].dend[15]']",-0.10173766226699854
84,"[107.7585945973951, 53.117938220707586, 31.71869765005929, 31.524097790919825, 45.14137537724546]","[0.5041273750653156, 0.11144123618203258, 0.3826558540841176, 0.10837217378982555, 0.10761844976998972]",dend,"['L5PCtemplate[84].dend[58]', 'L5PCtemplate[84].dend[48]', 'L5PCtemplate[84].dend[78]', 'L5PCtemplate[84].dend[34]', 'L5PCtemplate[84].dend[78]']",-0.04152788493598791
85,"[104.90830239692104, 61.79997353369858, 148.4577176078409, 133.5473200135147, 176.45563228016948]","[0.30459533811283734, 0.03605724656843966, 0.03200437958738374, 0.06358668573921099, 0.06382986995624394]",dend,"['L5PCtemplate[85].dend[37]', 'L5PCtemplate[85].dend[2]', 'L5PCtemplate[85].dend[2]', 'L5PCtemplate[85].dend[32]', 'L5PCtemplate[85].dend[5]']",-0.007569249208927431
86,"[40.42374332073766, 62.29762052507359, 39.236865054279654, 19.472293561258248, 77.5076075414143]","[0.01679905260072065, 0.10982228784958135, 0.06642267576485174, 0.2580048765364886, 0.21384993946818848]",dend,"['L5PCtemplate[86].dend[39]', 'L5PCtemplate[86].dend[45]', 'L5PCtemplate[86].dend[43]', 'L5PCtemplate[86].dend[79]', 'L5PCtemplate[86].dend[44]']",-0.03441492655582579
87,"[40.42374332073766, 90.36166855948268, 153.96319586631438, 197.91604007083907, 152.4476627904528]","[0.04504506954476911, 0.27382326755143377, 0.2419668322943748, 0.5001057482993194, 0.019184614509086106]",dend,"['L5PCtemplate[87].dend[39]', 'L5PCtemplate[87].dend[10]', 'L5PCtemplate[87].dend[40]', 'L5PCtemplate[87].dend[5]', 'L5PCtemplate[87].dend[33]']",-0.015975496685882717
88,"[104.99675813988493, 80.32105935919517, 111.7987532910544, 40.46781262524572, 62.204840638074714]","[0.6986899744888513, 0.027629837101024755, 0.2612857183714201, 0.06113837913341088, 0.09049604649905676]",dend,"['L5PCtemplate[88].dend[49]', 'L5PCtemplate[88].dend[75]', 'L5PCtemplate[88].dend[44]', 'L5PCtemplate[88].dend[81]', 'L5PCtemplate[88].dend[83]']",-0.04550097000901587
89,"[43.55461003450599, 65.55045704893816, 31.524097790919825, 147.16644446431837, 65.1512755144224]","[0.3983138560973921, 0.17487381661073617, 0.13820183037627468, 0.1815548420627573, 0.16424742270875686]",dend,"['L5PCtemplate[89].dend[25]', 'L5PCtemplate[89].dend[72]', 'L5PCtemplate[89].dend[34]', 'L5PCtemplate[89].dend[27]', 'L5PCtemplate[89].dend[68]']",-0.04962646741120125
90,"[179.44471474099146, 123.06884341192504, 130.15984451770422, 124.63188202818775, 80.63428340982409]","[0.353842183628684, 0.1822683479692221, 0.10117300239670585, 0.04578426509034129, 0.12013410394727647]",dend,"['L5PCtemplate[90].dend[82]', 'L5PCtemplate[90].dend[74]', 'L5PCtemplate[90].dend[61]', 'L5PCtemplate[90].dend[76]', 'L5PCtemplate[90].dend[60]']",-0.03466353526846433
91,"[85.10253843614804, 97.73142930013243, 43.431583169161684, 65.55045704893816, 82.62241046888647]","[0.12476744614315524, 0.012511587943465782, 0.18157154405674755, 0.1900411310109141, 0.20422957569440883]",dend,"['L5PCtemplate[91].dend[68]', 'L5PCtemplate[91].dend[35]', 'L5PCtemplate[91].dend[71]', 'L5PCtemplate[91].dend[72]', 'L5PCtemplate[91].dend[82]']",-0.005583259607533364
92,"[204.37011221248093, 91.56317190102511, 85.10253843614804, 121.35133217772845, 132.14108820183418]","[0.21850412908690148, 0.060640296080182066, 0.03984967713972303, 0.06517906623641491, 0.05176531540497581]",dend,"['L5PCtemplate[92].dend[70]', 'L5PCtemplate[92].dend[67]', 'L5PCtemplate[92].dend[68]', 'L5PCtemplate[92].dend[82]', 'L5PCtemplate[92].dend[72]']",-0.017677792989445607
93,"[124.63188202818775, 87.74733409990351, 157.2096136989632, 109.30215553762554, 91.56317190102511]","[0.13215236957510693, 0.04348073198698191, 0.09301535175758333, 0.05575143968790023, 0.07105213202155623]",dend,"['L5PCtemplate[93].dend[76]', 'L5PCtemplate[93].dend[72]', 'L5PCtemplate[93].dend[54]', 'L5PCtemplate[93].dend[56]', 'L5PCtemplate[93].dend[67]']",-0.015373304091781392
94,"[91.56317190102511, 189.11394518261358, 83.3175177762149, 90.68340297221485, 83.3175177762149]","[0.08657451374509156, 0.30441036573949476, 0.1405354793708461, 0.3025614036937076, 0.2516909407343969]",dend,"['L5PCtemplate[94].dend[67]', 'L5PCtemplate[94].dend[35]', 'L5PCtemplate[94].dend[21]', 'L5PCtemplate[94].dend[66]', 'L5PCtemplate[94].dend[21]']",-0.03992900585103598
95,"[143.422687241373, 158.1431732900972, 169.50086269348816, 243.12547345666093, 151.14261545663817]","[0.3980674375515852, 0.1520363386664573, 0.29431017605166543, 0.046553664751088936, 0.1219379449913416]",dend,"['L5PCtemplate[95].dend[35]', 'L5PCtemplate[95].dend[28]', 'L5PCtemplate[95].dend[13]', 'L5PCtemplate[95].dend[72]', 'L5PCtemplate[95].dend[31]']",-0.027423977314811054
96,"[70.38469050977113, 46.95412193191092, 130.15984451770422, 101.42502984666582, 90.36166855948268]","[0.017623180953817732, 0.028977015367770042, 3.3405475948957215, 0.11415304921600013, 0.12545885053606398]",dend,"['L5PCtemplate[96].dend[48]', 'L5PCtemplate[96].dend[8]', 'L5PCtemplate[96].dend[61]', 'L5PCtemplate[96].dend[27]', 'L5PCtemplate[96].dend[10]']",-0.13309051266503502
97,"[130.15984451770422, 54.194117300567484, 72.55771256930629, 135.8302745239617, 19.472293561258248]","[0.07686398555697556, 0.011082974049609924, 0.1075687785377385, 0.6294235077374608, 0.17617540132146672]",dend,"['L5PCtemplate[97].dend[61]', 'L5PCtemplate[97].dend[15]', 'L5PCtemplate[97].dend[57]', 'L5PCtemplate[97].dend[54]', 'L5PCtemplate[97].dend[79]']",-0.004333566329250971
98,"[157.2096136989632, 105.0538013578737, 88.32971429198041, 43.79339593421373, 84.0851219578796]","[0.11736317991778687, 0.2513463965804102, 0.1482302849482352, 0.05198398739431165, 0.13039471688523518]",dend,"['L5PCtemplate[98].dend[54]', 'L5PCtemplate[98].dend[68]', 'L5PCtemplate[98].dend[33]', 'L5PCtemplate[98].dend[64]', 'L5PCtemplate[98].dend[19]']",-0.0152072040918938
99,"[157.2096136989632, 124.63188202818775, 204.37011221248093, 147.9144711029631, 166.66555180618144]","[0.15012797092106336, 0.029958985856193335, 0.23955659890822215, 0.04815217527675512, 0.0749851886666205]",dend,"['L5PCtemplate[99].dend[54]', 'L5PCtemplate[99].dend[76]', 'L5PCtemplate[99].dend[70]', 'L5PCtemplate[99].dend[61]', 'L5PCtemplate[99].dend[69]']",-0.01805617133783244
