BMTK ID,X,Type,Sec ID,Distance,Coord X,Coord Y,Coord Z
0,0.5,soma,0,4.8704986572265625,0.00016784667968739256,0.0,0.0
1,0.017241379310344827,dend,0,7.410230868297205,6.917568942476546,0.022701736973669555,0.5442192448203768
1,0.05172413793103448,dend,0,12.489695290438492,11.282643951484463,1.27181085039953,2.411526177166775
1,0.08620689655172414,dend,0,17.56915971257978,14.762458666845282,3.9021963330866263,4.76217286717983
1,0.1206896551724138,dend,0,22.648624134721064,18.531829033409533,7.210287984294788,5.264477651380316
1,0.15517241379310345,dend,0,27.72808855686235,22.32951049038372,10.217960176681446,6.289549923785699
1,0.1896551724137931,dend,0,32.80755297900363,23.766639154583025,14.903729529995813,6.878336071435768
1,0.22413793103448276,dend,0,37.887017401144924,25.580700199265827,19.570881461974484,6.390233083876236
1,0.25862068965517243,dend,0,42.96648182328621,27.004486760721125,24.339747670695377,5.444017423154182
1,0.2931034482758621,dend,0,48.045946245427494,28.463455204656572,28.98126769008072,4.2812359615054145
1,0.32758620689655177,dend,0,53.12541066756878,29.363352129706715,33.60254541989335,3.282944254381447
1,0.36206896551724144,dend,0,58.204875089710065,30.578509468847543,38.34696398581223,2.4918617499061857
1,0.3965517241379311,dend,0,63.28433951185136,32.404995040592816,42.97254938893678,1.6651511572576996
1,0.4310344827586208,dend,0,68.36380393399264,32.602627076447526,47.87003195496671,1.2759423447324272
1,0.46551724137931044,dend,0,73.44326835613393,35.34322482723657,51.98759421906882,0.4133552130778179
1,0.5000000000000001,dend,0,78.52273277827521,36.849711099866845,56.797492293101875,0.04536032605442202
1,0.5344827586206897,dend,0,83.6021972004165,36.74160491763179,61.85521477954768,0.0014435349270331948
1,0.5689655172413793,dend,0,88.68166162255778,36.02810196952285,66.8700135693951,-0.1765002588845655
1,0.603448275862069,dend,0,93.76112604469907,35.43218094255758,71.86883840749093,-0.8243352394282577
1,0.6379310344827586,dend,0,98.84059046684037,36.01970490960084,76.86181835517415,-1.196333248359604
1,0.6724137931034482,dend,0,103.92005488898164,37.84806108659648,81.554164111873,-1.714549981637271
1,0.7068965517241378,dend,0,108.99951931112292,38.75554367155406,86.43773637101592,-2.325073913076172
1,0.7413793103448274,dend,0,114.07898373326422,42.233136848045,90.01450482034669,-1.9805538996054133
1,0.775862068965517,dend,0,119.15844815540551,45.330457180664425,93.90856034258293,-1.079520305392776
1,0.8103448275862066,dend,0,124.23791257754678,49.15814784067943,97.14544367576987,-0.40628253149487176
1,0.8448275862068962,dend,0,129.31737699968807,52.43712986446607,100.91270187599436,0.3092829185605487
1,0.8793103448275859,dend,0,134.39684142182935,55.10755402251355,105.11620431990701,0.715176711945642
1,0.9137931034482755,dend,0,139.47630584397066,58.2265104456215,108.31265068749084,1.389024740572055
1,0.9482758620689651,dend,0,144.55577026611192,61.1205177104847,111.90255888162072,2.478665971895198
1,0.9827586206896547,dend,0,149.6352346882532,64.40904784682972,115.7324351902509,2.4847506793754968
2,0.07142857142857142,dend,1,7.388825883778932,0.07403560810957482,6.652886148431414,0.6562236306798186
2,0.21428571428571427,dend,1,12.42548033688367,-0.3792602176591311,11.458549029647907,-0.3020518130256435
2,0.3571428571428571,dend,1,17.46213478998841,2.7651430309533063,14.702270502950846,-1.8091405857779652
2,0.49999999999999994,dend,1,22.49878924309315,6.304832055836902,17.64608645003342,-2.199992869394248
2,0.6428571428571428,dend,1,27.53544369619789,7.415722461072224,22.50587716913964,-2.857149075848434
2,0.7857142857142856,dend,1,32.572098149302626,8.96751526570944,27.234582492889686,-3.2720091956017514
2,0.9285714285714284,dend,1,37.60875260240737,10.899831566096061,31.7423012041077,-4.3357269008969
3,0.03333333333333333,dend,2,42.47994321512912,9.314702646935837,35.91174834249583,-5.105453958766241
3,0.1,dend,2,47.18566998746789,6.241135240296366,39.008270540226874,-5.959922804427142
3,0.16666666666666669,dend,2,51.89139675980665,3.3817854850704254,42.65525460517471,-6.1910053354524575
3,0.23333333333333334,dend,2,56.59712353214542,1.105215730492612,46.62918619244726,-7.201086918427161
3,0.3,dend,2,61.30285030448418,-2.2250767582770896,49.398988757406066,-7.72250764230121
3,0.36666666666666664,dend,2,66.00857707682295,-4.754999544763379,51.95989826111053,-9.948593403458544
3,0.4333333333333333,dend,2,70.71430384916172,-8.253197323147788,54.73830153572744,-11.274562886609926
3,0.49999999999999994,dend,2,75.42003062150047,-10.99735328451096,58.12205894530447,-12.989192159895124
3,0.5666666666666667,dend,2,80.12575739383925,-15.099498325736192,59.71207682524858,-14.154819009155192
3,0.6333333333333333,dend,2,84.831484166178,-19.68345281036526,60.34884579059524,-14.828385730991593
3,0.7,dend,2,89.53721093851678,-23.50501746911315,61.712394291356574,-15.268587788660268
3,0.7666666666666666,dend,2,94.24293771085556,-27.67023852617725,63.32453625726038,-16.18150794279898
3,0.8333333333333333,dend,2,98.9486644831943,-31.699095047344464,65.27358084094152,-17.28776202523133
3,0.8999999999999999,dend,2,103.65439125553308,-35.65040732723866,67.52278339959453,-16.942370584500235
3,0.9666666666666666,dend,2,108.36011802787183,-39.27374879575144,70.36586941790387,-17.032244325009955
4,0.023809523809523808,dend,3,42.579979017436166,12.165351752129324,34.31385510922793,-3.6123983823905874
4,0.07142857142857142,dend,3,47.48577739438902,14.351304153771538,38.59886362178434,-3.6740829094153105
4,0.11904761904761904,dend,3,52.39157577134187,16.462565473535626,42.83295484844472,-4.756814645545359
4,0.16666666666666666,dend,3,57.29737414829472,19.845992692754265,46.31523000659316,-4.921088326412203
4,0.21428571428571427,dend,3,62.20317252524758,23.97163286345472,48.57754365251249,-5.637085461689921
4,0.26190476190476186,dend,3,67.10897090220044,27.80701138985873,46.155340325858724,-6.5084278666857065
4,0.3095238095238095,dend,3,72.01476927915328,31.35552522235822,42.91388462730319,-6.680452616123265
4,0.3571428571428571,dend,3,76.92056765610613,36.17167125900259,43.03496413128967,-6.304183106650406
4,0.4047619047619047,dend,3,81.826366033059,40.9985257657417,43.63899785753629,-6.219705878223007
4,0.45238095238095233,dend,3,86.73216441001185,44.69253193107842,45.372357004267904,-7.549788035619533
4,0.49999999999999994,dend,3,91.63796278696469,48.783405089676826,47.09799852061005,-9.054708213733342
4,0.5476190476190476,dend,3,96.54376116391757,52.14452751271614,50.48731493164839,-9.920415418644279
4,0.5952380952380951,dend,3,101.44955954087041,56.17678863459111,53.12296858590597,-10.067111354338081
4,0.6428571428571428,dend,3,106.35535791782327,60.718873173980114,53.768964923160866,-10.4537045412967
4,0.6904761904761905,dend,3,111.26115629477611,64.74737239736936,56.48818181795776,-10.922751229624735
4,0.7380952380952381,dend,3,116.16695467172897,67.27927607665299,60.35953296451293,-10.857144807351393
4,0.7857142857142858,dend,3,121.07275304868182,66.32980308698623,65.04825056855279,-10.425546540284255
4,0.8333333333333335,dend,3,125.97855142563468,66.61141767249913,69.43736478781952,-12.262540865988495
4,0.8809523809523812,dend,3,130.8843498025875,67.86985340710119,74.08524838477821,-12.476558514221981
4,0.9285714285714288,dend,3,135.79014817954038,67.96702532448225,78.80067746468215,-11.951360584048434
4,0.9761904761904765,dend,3,140.69594655649323,66.01142404218295,83.2768951036044,-11.938665262510282
5,0.1,dend,4,7.511588624695248,-4.2302585682626805,6.071571852885845,0.6677184528803632
5,0.30000000000000004,dend,4,12.793768559632618,-9.235547789342753,6.053663514138334,2.3167513894226954
5,0.5,dend,4,18.07594849456999,-14.319207623308799,6.754136910197796,3.347568165012992
5,0.7,dend,4,23.358128429507357,-19.376945173317168,7.04473045987515,3.153130263175696
5,0.8999999999999999,dend,4,28.64030836444473,-23.766627619052354,7.5135562943393035,3.087727615798982
6,0.02,dend,5,33.863654137057225,-27.708115149908338,10.117775825111284,3.200154649276332
6,0.06,dend,5,39.02816574734484,-32.29795897136279,12.381280644071808,3.0045337501529232
6,0.1,dend,5,44.19267735763246,-37.2764124846935,13.657055926598817,3.311184667754848
6,0.14,dend,5,49.35718896792008,-42.34583369293815,14.60515384578377,3.5179838437497732
6,0.18000000000000002,dend,5,54.5217005782077,-47.25758149271403,15.984392662117473,3.7717776076431178
6,0.22000000000000003,dend,5,59.68621218849532,-51.86366494748808,18.088050245421275,3.0185554586883576
6,0.26,dend,5,64.85072379878295,-56.91569031810869,19.04381136298521,2.928120438066886
6,0.3,dend,5,70.01523540907056,-61.67408877407281,20.945894589794783,2.657478413910148
6,0.33999999999999997,dend,5,75.17974701935819,-66.53140765733804,22.49098766464309,2.119616621639197
6,0.37999999999999995,dend,5,80.3442586296458,-70.83302147995164,24.997805871008595,3.093090633069472
6,0.41999999999999993,dend,5,85.50877023993343,-75.73305674663615,26.23394817990211,3.742935478726697
6,0.4599999999999999,dend,5,90.67328185022103,-80.41172637608832,28.11485285471915,4.35569957417188
6,0.4999999999999999,dend,5,95.83779346050866,-82.75074112837878,32.49840102584616,5.341610620707312
6,0.5399999999999999,dend,5,101.00230507079627,-86.39477569311187,35.62708571864262,6.556866753088586
6,0.58,dend,5,106.1668166810839,-91.11851716957888,36.54118585963007,7.343995434672171
6,0.62,dend,5,111.3313282913715,-95.18586384026025,39.58292453599964,7.5555956705444975
6,0.66,dend,5,116.49583990165914,-99.52228927789227,42.30377606861706,8.050141054697356
6,0.7000000000000001,dend,5,121.66035151194674,-103.88104619222591,45.0404296877708,8.28420895855679
6,0.7400000000000001,dend,5,126.82486312223438,-108.36818172009512,47.45462346586562,7.806736574542173
6,0.7800000000000001,dend,5,131.989374732522,-112.67720999678843,50.18037111959643,7.244772552748629
6,0.8200000000000002,dend,5,137.1538863428096,-116.85833912330627,53.09796008475127,7.674877444993596
6,0.8600000000000002,dend,5,142.31839795309722,-119.75961282713945,57.282950926710754,7.116713245635259
6,0.9000000000000002,dend,5,147.48290956338485,-122.71588961428063,61.325316408016015,6.033274623499688
6,0.9400000000000003,dend,5,152.64742117367246,-122.64411468501655,66.21242025095862,6.174541747828877
6,0.9800000000000003,dend,5,157.8119327839601,-122.31576673081202,71.29520215934274,5.64684106044753
7,0.023809523809523808,dend,6,33.77773606525368,-27.471905256173294,8.875950339968387,5.327927896919467
7,0.07142857142857142,dend,6,38.770411531934194,-31.05812969868269,10.8234182988672,7.949861865678225
7,0.11904761904761904,dend,6,43.76308699861472,-34.45350677487263,12.654808548999043,11.012343800765253
7,0.16666666666666666,dend,6,48.755762465295234,-38.44861056542454,13.706792727320805,13.701101879753303
7,0.21428571428571427,dend,6,53.74843793197576,-42.6727574160936,12.915461587164762,16.15890461337068
7,0.26190476190476186,dend,6,58.74111339865628,-46.9196116520858,12.38648762576109,18.686964324001785
7,0.3095238095238095,dend,6,63.733788865336805,-51.49381019982081,11.095756123493219,20.178557224904203
7,0.3571428571428571,dend,6,68.72646433201731,-56.16228631590261,10.210764900439317,21.503798087907537
7,0.4047619047619047,dend,6,73.71913979869785,-59.21504128450058,7.411456577828573,23.753614850619012
7,0.45238095238095233,dend,6,78.71181526537836,-62.89616664116412,5.027090959855939,26.089171288843698
7,0.49999999999999994,dend,6,83.70449073205889,-67.0593812882565,3.779082815029072,28.32422292910682
7,0.5476190476190476,dend,6,88.69716619873941,-70.6437087200612,1.5314043418330814,30.94999275041751
7,0.5952380952380951,dend,6,93.68984166541992,-74.53064939989096,0.6799233782415359,33.83393504856223
7,0.6428571428571428,dend,6,98.68251713210046,-77.59454555280007,0.1953521604858861,37.1520012707455
7,0.6904761904761905,dend,6,103.67519259878097,-81.31200195424515,0.870002504424428,39.861866792521134
7,0.7380952380952381,dend,6,108.6678680654615,-83.96144723787897,2.740178943540864,43.59663152344642
7,0.7857142857142858,dend,6,113.66054353214201,-86.62820566437908,3.848167317359029,47.59573576700497
7,0.8333333333333335,dend,6,118.65321899882252,-89.7274111854122,4.282740831080077,51.43893574990942
7,0.8809523809523812,dend,6,123.64589446550306,-90.94930630180247,4.864396665758698,56.144691186486114
7,0.9285714285714288,dend,6,128.63856993218357,-92.15833834203782,7.717685950247229,60.013939974664446
7,0.9761904761904765,dend,6,133.63124539886408,-94.44224898322739,11.087920475999862,62.67967941232207
8,0.5,dend,7,9.037818955377713,3.3741437700317016,-3.914021496840224,4.148016189667895
9,0.5,dend,8,17.546452547319806,-3.037617899371301,-9.08764218304732,5.185034408406405
10,0.029411764705882353,dend,9,24.528039155104516,-7.590280858154524,-13.874954733102122,5.572670039756282
10,0.08823529411764705,dend,9,29.808585783092035,-11.321641160272916,-17.520627753416555,5.0861845085654585
10,0.14705882352941174,dend,9,35.08913241107956,-14.603027229160753,-21.582658001649733,4.373201656989021
10,0.20588235294117646,dend,9,40.36967903906708,-17.035215166721844,-26.13855449752832,3.3248119971105
10,0.2647058823529412,dend,9,45.650225667054606,-20.12635379345782,-30.347879054341917,3.3153367107006373
10,0.3235294117647059,dend,9,50.93077229504213,-23.843378876744428,-33.363207707211735,1.6618032860292542
10,0.3823529411764706,dend,9,56.21131892302965,-27.19980997577493,-36.62928857284351,-0.14428520279702503
10,0.44117647058823534,dend,9,61.49186555101717,-29.770933114115554,-40.678261549318094,-2.2414369450589953
10,0.5,dend,9,66.7724121790047,-32.45345067530641,-44.85111628489791,-3.9362279899796127
10,0.5588235294117647,dend,9,72.05295880699222,-36.31166796243418,-48.07852598909706,-5.495687270253404
10,0.6176470588235294,dend,9,77.33350543497973,-38.29082225899332,-52.618179086770844,-6.6773519286392435
10,0.6764705882352942,dend,9,82.61405206296726,-37.21489147231745,-57.71917953586435,-7.349234779626211
10,0.7352941176470589,dend,9,87.89459869095478,-35.577997848776455,-62.67681063119834,-7.878005431028009
10,0.7941176470588236,dend,9,93.1751453189423,-32.113436493737474,-66.51172823347845,-8.000320454963592
10,0.8529411764705883,dend,9,98.45569194692982,-28.36795403277592,-69.53933500619975,-9.027043666186414
10,0.911764705882353,dend,9,103.73623857491735,-25.12950375202362,-73.44510577086125,-9.476182300290185
10,0.9705882352941178,dend,9,109.01678520290487,-26.05993410908179,-78.26434392136436,-10.50216546937214
11,0.017241379310344827,dend,10,24.385019873163046,-7.961590036665431,-11.893550050707608,7.180121351851544
11,0.05172413793103448,dend,10,29.379527937267632,-11.770937787691913,-14.602400705729664,7.9690258849634015
11,0.08620689655172414,dend,10,34.37403600137222,-15.962314151240214,-17.23114942419578,8.235998101444975
11,0.1206896551724138,dend,10,39.368544065476804,-20.102374662585653,-19.975037812944965,8.585394089401143
11,0.15517241379310345,dend,10,44.363052129581384,-23.718302981194388,-23.402157553288212,8.460766977962813
11,0.1896551724137931,dend,10,49.35756019368597,-27.79112495207306,-26.156990856921066,9.174352677998892
11,0.22413793103448276,dend,10,54.352068257790556,-32.27310382960574,-28.196983920035642,9.791293900744497
11,0.25862068965517243,dend,10,59.34657632189514,-37.12560051181393,-28.433572912998574,10.89970119415702
11,0.2931034482758621,dend,10,64.34108438599972,-42.02719155731217,-28.729508866573415,11.175214679093619
11,0.32758620689655177,dend,10,69.3355924501043,-46.815735530180724,-29.717076027208442,10.51299536841841
11,0.36206896551724144,dend,10,74.3301005142089,-51.71415885264556,-29.33482057870813,10.435011037235336
11,0.3965517241379311,dend,10,79.32460857831347,-54.50661682554872,-32.677337640325725,10.923611053298076
11,0.4310344827586208,dend,10,84.31911664241805,-56.90523326239463,-36.84591714414084,10.907640865654178
11,0.46551724137931044,dend,10,89.31362470652263,-61.676728329138726,-37.94499008519193,11.289020932960273
11,0.5000000000000001,dend,10,94.30813277062722,-65.75643838578074,-39.53528286762475,12.264118909582969
11,0.5344827586206897,dend,10,99.3026408347318,-70.56602956892235,-40.695333379917685,12.679106392652095
11,0.5689655172413793,dend,10,104.2971488988364,-75.34240069613922,-42.007645065208536,13.034153833229574
11,0.603448275862069,dend,10,109.29165696294098,-80.15513959923172,-40.926743458583594,13.50585137006177
11,0.6379310344827586,dend,10,114.28616502704557,-84.91911191219934,-39.51283390960177,13.100782419277673
11,0.6724137931034482,dend,10,119.28067309115015,-89.70309748778797,-38.309841946436975,12.39458963265501
11,0.7068965517241378,dend,10,124.27518115525473,-94.62018324712825,-38.3552603303169,12.377352844480617
11,0.7413793103448274,dend,10,129.26968921935932,-98.6397316698966,-41.21537505132307,12.8768502920898
11,0.775862068965517,dend,10,134.26419728346391,-103.10657591303926,-42.8158220697933,13.527032228006291
11,0.8103448275862066,dend,10,139.25870534756848,-107.88298096543296,-42.244881709736696,12.848235770438242
11,0.8448275862068962,dend,10,144.25321341167307,-111.48513799195784,-38.998411302320406,12.296352397132921
11,0.8793103448275859,dend,10,149.24772147577767,-115.36611163486556,-35.91048214514859,11.831089416905819
11,0.9137931034482755,dend,10,154.24222953988226,-118.98808215039605,-32.490119662794,11.64129893595879
11,0.9482758620689651,dend,10,159.23673760398685,-122.50843902489392,-29.094780568694315,10.755913061284275
11,0.9827586206896547,dend,10,164.23124566809142,-126.40078640439965,-26.43189093993634,9.373011324490392
12,0.5,dend,11,18.160538697512752,0.5501522729932351,-6.103515643463344,9.46951217847138
13,0.16666666666666666,dend,12,8.034626403163006,-6.861418887462699,-1.0579583165021693,-2.0718845109493635
13,0.5,dend,12,14.362881895035896,-12.642771485983184,-1.9607354633394767,-3.9840425574379155
13,0.8333333333333333,dend,12,20.691137386908785,-18.216347775098793,-0.5260100105383418,-4.94101854459005
14,0.5,dend,13,28.15626487471705,-24.779922517011496,1.6949550928168868,-5.087216867536413
15,0.1,dend,14,34.530587015559746,-30.298579571079966,1.1401213401197805,-6.69034279783223
15,0.30000000000000004,dend,14,38.67723181350151,-34.21917072734415,0.962005615234375,-7.9983857972570345
15,0.5,dend,14,42.82387661144327,-38.06487961780969,0.9442121763513304,-9.514429631475442
15,0.7,dend,14,46.970521409385015,-41.300550620217905,-0.36159551902476056,-11.661242347164851
15,0.8999999999999999,dend,14,51.117166207326775,-44.243787227567964,-1.7480509864939862,-14.210661355920253
16,0.02631578947368421,dend,15,35.00853572176298,-30.718242425453436,2.538007308617587,-6.034402875135498
16,0.07894736842105263,dend,15,40.111077932111215,-35.439594139015185,3.5851190920319578,-6.830309105281068
16,0.13157894736842105,dend,15,45.21362014245945,-40.2602377931572,4.576027997368087,-7.8998085132287095
16,0.18421052631578946,dend,15,50.31616235280768,-44.89434279335286,3.5822673623057066,-9.059853167295913
16,0.23684210526315788,dend,15,55.41870456315591,-49.824059968578155,4.218622569004031,-9.731550924758489
16,0.2894736842105263,dend,15,60.521246773504146,-54.21389591726622,6.639647210188234,-9.799514487450288
16,0.34210526315789475,dend,15,65.62378898385238,-58.637149499430095,9.012921473585747,-10.010928951086616
16,0.39473684210526316,dend,15,70.72633119420061,-63.6015144541083,8.587464698111612,-10.632340617841725
16,0.4473684210526316,dend,15,75.82887340454884,-68.42255831830298,9.644355689732677,-10.628835785765617
16,0.5,dend,15,80.93141561489708,-73.48434357446094,9.250467802010146,-10.527932050689968
16,0.5526315789473684,dend,15,86.03395782524532,-78.31748055971504,10.45414077030446,-10.439475023305755
16,0.6052631578947367,dend,15,91.13650003559354,-83.10564965268053,11.352789029052042,-11.630248081684972
16,0.6578947368421051,dend,15,96.23904224594179,-87.3524745952554,13.973081545183303,-12.007436274599929
16,0.7105263157894735,dend,15,101.34158445629001,-92.16550759456986,15.423592917935219,-12.739203735745514
16,0.7631578947368418,dend,15,106.44412666663825,-96.39362052632774,18.01963731236064,-12.513735315181318
16,0.8157894736842102,dend,15,111.54666887698647,-101.05070283929044,19.44319206565564,-13.70056124892997
16,0.8684210526315785,dend,15,116.64921108733472,-105.19917728117565,21.19235129450436,-15.225958078057698
16,0.9210526315789469,dend,15,121.75175329768294,-109.51048067248217,20.809810295001686,-17.02970503900653
16,0.9736842105263153,dend,15,126.85429550803119,-114.44944972964721,21.14909988870944,-17.745522270161953
17,0.029411764705882353,dend,16,26.48533597511132,-23.05165202418252,-0.9247585206966231,-3.6528716552902543
17,0.08823529411764705,dend,16,31.7454776596435,-27.51577982542299,-2.7253396952040876,-2.100382406113628
17,0.14705882352941174,dend,16,37.005619344175685,-32.03270926194732,-4.688396488512532,-0.5714857169622345
17,0.20588235294117646,dend,16,42.265761028707864,-36.736141829461125,-5.631257035022026,1.390526103158663
17,0.2647058823529412,dend,16,47.52590271324004,-41.05226382378207,-7.781896225658969,3.439338399516806
17,0.3235294117647059,dend,16,52.78604439777223,-43.15848269264657,-11.397976622520819,6.190685579431069
17,0.3823529411764706,dend,16,58.0461860823044,-46.64595564838989,-13.941701151372556,9.10239393007834
17,0.44117647058823534,dend,16,63.30632776683659,-49.76704253142455,-17.523127735343806,10.827483156043575
17,0.5,dend,16,68.56646945136877,-53.48821358974581,-20.847780404840695,12.405482818540788
17,0.5588235294117647,dend,16,73.82661113590095,-58.54770405854069,-21.30928211426861,13.249306667018601
17,0.6176470588235294,dend,16,79.08675282043313,-63.620523422599156,-21.8865749571366,14.327213710302628
17,0.6764705882352942,dend,16,84.34689450496532,-67.00699001458719,-25.412848047419708,16.105432672084703
17,0.7352941176470589,dend,16,89.6070361894975,-71.22516795785344,-28.47629269018849,16.264702992417995
17,0.7941176470588236,dend,16,94.86717787402968,-75.95130342822658,-30.602576524419163,17.018208035153293
17,0.8529411764705883,dend,16,100.12731955856187,-79.59629477897472,-33.889322031938775,18.65256371156695
17,0.911764705882353,dend,16,105.38746124309404,-82.0512190013764,-38.00345653440257,20.460807528961812
17,0.9705882352941178,dend,16,110.64760292762622,-81.70384974812063,-42.49510246382072,23.10633103377087
18,0.07142857142857142,dend,17,7.552320165579456,-4.076702407335607,-1.204013310284963,-6.064581795690444
18,0.21428571428571427,dend,17,12.915963182285244,-7.528888371558382,2.1350356176698506,-7.981429241626133
18,0.3571428571428571,dend,17,18.279606198991033,-7.960531241790724,6.400910951239402,-9.569334139659292
18,0.49999999999999994,dend,17,23.64324921569682,-6.853830537793742,10.859531168571475,-10.629038614294076
18,0.6428571428571428,dend,17,29.00689223240261,-9.317337244634638,14.172058773945553,-12.839561365439728
18,0.7857142857142856,dend,17,34.37053524910839,-8.649324705497275,19.059435151754933,-14.338479157382457
18,0.9285714285714284,dend,17,39.73417826581419,-9.66150541747228,24.008187763464836,-15.417266416427593
19,0.03333333333333333,dend,18,7.244926969629416,-0.02557873047603426,-3.018492805876159,-6.306111233075768
19,0.1,dend,18,11.993783594435126,2.523158199316427,-5.428909230442679,-8.871932685277585
19,0.16666666666666669,dend,18,16.742640219240833,6.828051059057164,-6.947460166228198,-9.44687436742457
19,0.23333333333333334,dend,18,21.49149684404654,10.57037978472434,-7.719498949829922,-10.778682636903275
19,0.3,dend,18,26.24035346885225,12.520058693243582,-10.587245304560275,-12.435605966346253
19,0.36666666666666664,dend,18,30.989210093657956,15.236451800115619,-13.728688776659096,-14.178894635963996
19,0.4333333333333333,dend,18,35.73806671846367,18.89380288412675,-16.487852751960375,-15.177941898067594
19,0.49999999999999994,dend,18,40.486923343269375,23.239939607161382,-18.064316810812898,-15.62355197046506
19,0.5666666666666667,dend,18,45.23577996807508,26.84442354162729,-20.959978172193715,-16.174079568360046
19,0.6333333333333333,dend,18,49.98463659288079,29.759174300905592,-23.64892503713454,-16.122550873939034
19,0.7,dend,18,54.733493217686494,33.76963519439249,-25.801338034471698,-16.207236081638623
19,0.7666666666666666,dend,18,59.48234984249221,38.11498998924739,-27.59220917993445,-16.51699107051292
19,0.8333333333333333,dend,18,64.23120646729791,40.9582872439041,-31.197047279101902,-16.82789785203835
19,0.8999999999999999,dend,18,68.98006309210362,44.19868395937133,-34.547911305240035,-17.502533454979552
19,0.9666666666666666,dend,18,73.72891971690933,47.667195821196124,-36.92300349263852,-17.096944981008658
20,0.5,dend,19,79.79741989095695,52.418983869044446,-37.524145173090915,-15.997075266736
21,0.16666666666666666,dend,20,79.158819579552,51.798040402611164,-39.277413985650924,-18.92163475083968
21,0.5,dend,20,85.26976268003162,56.21948852581227,-43.34798862686191,-19.278226357873415
21,0.8333333333333333,dend,20,91.38070578051124,60.162289088763934,-47.867392858436546,-19.214269236186652
22,0.05555555555555555,apic,0,7.217942428645689,4.121843675209932,-5.33717589508543,-0.9864849182977959
22,0.16666666666666666,apic,0,11.912829971483943,7.635473480141097,-8.261205105587484,-0.3844779713618871
22,0.2777777777777778,apic,0,16.607717514322196,10.986556775242695,-11.36971656410459,0.007233562412544693
22,0.3888888888888889,apic,0,21.302605057160452,14.406676435177255,-14.471231009295808,0.06843042891380566
22,0.5,apic,0,25.997492599998704,17.406114899260537,-17.752283971706415,0.2881761678923806
22,0.6111111111111112,apic,0,30.69238014283696,21.357667942335922,-20.0580392461523,0.2757489572626428
22,0.7222222222222223,apic,0,35.38726768567521,23.67179676668098,-24.068568342207655,0.8326109308337712
22,0.8333333333333335,apic,0,40.082155228513464,27.105071155732443,-27.061345717405654,0.6999086696207251
22,0.9444444444444446,apic,0,44.77704277135172,30.370377094991007,-30.38880855574082,0.23442703655020458
23,0.03333333333333333,apic,1,49.75876582198895,33.47538527514735,-31.210640469845387,-0.7749491499264186
23,0.1,apic,1,55.027324380425156,37.855755006089645,-32.1517429156443,-2.727249544771347
23,0.16666666666666669,apic,1,60.29588293886136,42.12963477586061,-30.32925543164468,-4.3498192891765255
23,0.23333333333333334,apic,1,65.56444149729757,47.16101477151429,-30.678265514269377,-5.8185144454143565
23,0.3,apic,1,70.83300005573378,52.060017556260355,-29.82751344597568,-6.988495517776067
23,0.36666666666666664,apic,1,76.10155861416999,56.636057397126336,-30.03137064384309,-9.197657273741788
23,0.4333333333333333,apic,1,81.3701171726062,61.300805917521615,-31.28607333553485,-10.800721397174355
23,0.49999999999999994,apic,1,86.6386757310424,65.84528199437835,-33.486710450224834,-11.835679010459492
23,0.5666666666666667,apic,1,91.9072342894786,70.56034682207634,-35.12391758710239,-12.82256388256613
23,0.6333333333333333,apic,1,97.1757928479148,75.66584140793766,-36.07621030709955,-13.28286182798107
23,0.7,apic,1,102.44435140635102,80.23324237422779,-37.53464369325459,-15.06642169387651
23,0.7666666666666666,apic,1,107.71290996478723,84.8148231518889,-39.83312819091263,-15.005720964700723
23,0.8333333333333333,apic,1,112.98146852322344,89.24012999948539,-42.27546052710971,-15.706868403806267
23,0.8999999999999999,apic,1,118.25002708165965,94.3357996139115,-41.76342744249495,-16.663904822886835
23,0.9666666666666666,apic,1,123.51858564009584,99.52822544400385,-41.87598218988193,-17.198123893433856
24,0.16666666666666666,apic,2,49.89785435677819,32.14921108518612,-34.74461098894438,1.3188685041315327
24,0.5,apic,2,55.44458998479288,34.19184266710089,-39.74728324421932,2.0895256938575146
24,0.8333333333333333,apic,2,60.991325612807564,37.36491927068786,-44.233329820455346,2.231724737561667
25,0.16666666666666666,apic,3,66.36654556047955,41.31484399772107,-47.821893850327854,2.0062692513823075
25,0.5,apic,3,71.57024982780885,44.797599308386005,-50.88261914231006,1.6399520276033595
25,0.8333333333333333,apic,3,76.77395409513815,49.53121909802413,-51.80218250273833,2.159155348087949
26,0.029411764705882353,apic,4,81.76127561224348,52.88545389880363,-55.34574887879933,2.9686128505164997
26,0.08823529411764705,apic,4,86.53221437912487,56.60085182590812,-58.279455745900215,3.479703273573934
26,0.14705882352941174,apic,4,91.30315314600622,60.69869046788304,-60.57360979344136,4.214714152854541
26,0.20588235294117646,apic,4,96.07409191288758,64.5870057836279,-63.15453434245613,4.818967641904036
26,0.2647058823529412,apic,4,100.84503067976897,67.46539978098141,-66.38448122785708,5.708795590834376
26,0.3235294117647059,apic,4,105.61596944665033,69.81738119552847,-70.13582901338445,6.760203659892843
26,0.3823529411764706,apic,4,110.38690821353168,72.86521255659642,-73.46546634627585,7.7401660877811445
26,0.44117647058823534,apic,4,115.15784698041307,74.88215203354919,-77.56084061867453,8.637269602431667
26,0.5,apic,4,119.92878574729443,78.41536788288778,-80.6725283097835,8.792545789710486
26,0.5588235294117647,apic,4,124.69972451417581,79.67829711310274,-85.0731893877901,9.974323739672917
26,0.6176470588235294,apic,4,129.47066328105717,81.81856536921313,-88.77661688463124,11.944606171843628
26,0.6764705882352942,apic,4,134.24160204793856,84.32980375877885,-92.52612685496857,12.482292339125538
26,0.7352941176470589,apic,4,139.0125408148199,86.75738006996362,-96.53362005211747,12.937806323347964
26,0.7941176470588236,apic,4,143.78347958170127,90.02159981400844,-99.76662227506705,14.134007111549302
26,0.8529411764705883,apic,4,148.55441834858266,92.66720113558107,-103.6403412434927,13.423038964283572
26,0.911764705882353,apic,4,153.32535711546402,96.85096915223266,-105.30806364548464,12.275520651146403
26,0.9705882352941178,apic,4,158.0962958823454,99.94746143116129,-108.16170489836273,12.803545713184858
27,0.02,apic,5,162.92965801030334,97.59738772625438,-110.00316794045219,12.322320228959295
27,0.06,apic,5,167.8254434993379,93.10343171744698,-109.03253478531103,12.36358677016798
27,0.1,apic,5,172.72122898837247,88.68267080580463,-107.21448750761145,13.006569159510278
27,0.14,apic,5,177.61701447740703,84.10879386241112,-105.55484673711693,12.595952306412151
27,0.18000000000000002,apic,5,182.51279996644158,79.66735680716339,-103.74206807330997,11.85014770389666
27,0.22000000000000003,apic,5,187.40858545547613,75.0290565729767,-102.22619713775373,11.544687315639772
27,0.26,apic,5,192.30437094451068,70.5298690875061,-100.32624013715811,11.728311102895598
27,0.3,apic,5,197.20015643354523,66.4890643217337,-97.74553320653199,12.309270135388228
27,0.33999999999999997,apic,5,202.09594192257978,62.488023545513144,-95.16979541908921,11.600874351555802
27,0.37999999999999995,apic,5,206.99172741161433,58.54684890162416,-92.32017413149693,11.5287840912522
27,0.41999999999999993,apic,5,211.8875129006489,54.39857820885179,-89.87480780884471,12.131356589518427
27,0.4599999999999999,apic,5,216.78329838968347,49.80618932017515,-88.46439269181003,11.584696657548797
27,0.4999999999999999,apic,5,221.67908387871802,45.15695886902987,-88.25091874055295,10.573562094052715
27,0.5399999999999999,apic,5,226.57486936775257,41.30951553583515,-87.25694836532666,8.663899428152284
27,0.58,apic,5,231.47065485678712,37.48885555888058,-86.0192488433243,6.20330117119044
27,0.62,apic,5,236.36644034582167,34.2438897614567,-82.94359070761777,4.285918429077318
27,0.66,apic,5,241.26222583485625,30.76269986069077,-79.75349610512221,3.0610942245559407
27,0.7000000000000001,apic,5,246.15801132389078,27.14334753168698,-77.37978964786639,1.2615891611885988
27,0.7400000000000001,apic,5,251.05379681292536,23.152115177315483,-75.30008808011577,0.005312382224923432
27,0.7800000000000001,apic,5,255.9495823019599,18.523787735756915,-74.6546027113015,0.4761865922053393
27,0.8200000000000002,apic,5,260.8453677909945,15.46669540339672,-71.80546212966075,1.9129683425203245
27,0.8600000000000002,apic,5,265.741153280029,10.806052441945534,-70.97798841315799,1.2344815864837102
27,0.9000000000000002,apic,5,270.63693876906353,8.562621083748008,-67.64571144482616,-0.794848196471028
27,0.9400000000000003,apic,5,275.5327242580981,4.523166998031999,-65.07261882443521,-1.0202631304741518
27,0.9800000000000003,apic,5,280.42850974713264,0.42647042185950634,-63.12613325255455,-2.0421416364905376
28,0.029411764705882353,apic,6,162.9254309326771,101.49526448368445,-112.16584924963378,12.588398360441587
28,0.08823529411764705,apic,6,167.81276226645917,104.9219603959174,-115.58918651171882,12.79003797643879
28,0.14705882352941174,apic,6,172.70009360024122,107.85117542680096,-119.38490954996908,13.594493550184504
28,0.20588235294117646,apic,6,177.5874249340233,111.22507825941429,-122.86807116824808,13.510533360417746
28,0.2647058823529412,apic,6,182.47475626780533,114.33379745200995,-126.45296001628721,14.154277210492705
28,0.3235294117647059,apic,6,187.3620876015874,116.95883906520142,-130.49581429793284,14.16650427298156
28,0.3823529411764706,apic,6,192.24941893536945,120.15467346035831,-134.06382228596703,14.904925321561677
28,0.44117647058823534,apic,6,197.13675026915152,123.9896087483465,-136.68013764623535,16.12351164112489
28,0.5,apic,6,202.02408160293356,127.54233192240963,-139.75156137250858,16.892013592750953
28,0.5588235294117647,apic,6,206.91141293671564,129.6001862098935,-144.11514902584875,17.331536956389204
28,0.6176470588235294,apic,6,211.79874427049768,132.27123646522193,-147.8784047141613,18.216482501973438
28,0.6764705882352942,apic,6,216.68607560427975,135.49920578405963,-150.7516631449458,19.715835651153576
28,0.7352941176470589,apic,6,221.57340693806182,138.01270243380714,-154.86477735043067,20.09860864168667
28,0.7941176470588236,apic,6,226.46073827184384,139.6460714903649,-159.42496316439508,20.39205553554166
28,0.8529411764705883,apic,6,231.3480696056259,142.23657002624884,-163.40719559143628,21.01996078117989
28,0.911764705882353,apic,6,236.23540093940798,146.01151657916978,-166.1426913138374,20.795870169983978
28,0.9705882352941178,apic,6,241.12273227319002,150.64126335082008,-167.4734243603233,21.40276321573385
29,0.07142857142857142,apic,7,246.25527322197016,153.77254345125266,-169.35443610880338,23.297507747677688
29,0.21428571428571427,apic,7,251.63302378574835,155.05668078366688,-174.4750122376367,24.086037494304247
29,0.3571428571428571,apic,7,257.0107743495265,155.7709494411645,-179.72981177535476,24.825042553078557
29,0.49999999999999994,apic,7,262.3885249133047,157.14342466630058,-184.05461307703473,26.901023068063516
29,0.6428571428571428,apic,7,267.7662754770829,159.55968014225405,-187.7710303452095,28.995600511636777
29,0.7857142857142856,apic,7,273.1440260408611,159.5168451219903,-192.9612695330497,30.022588720080904
29,0.9285714285714284,apic,7,278.5217766046393,163.92030552120724,-195.78478940445638,30.498657399959928
30,0.029411764705882353,apic,8,283.60594708521245,165.3767741264995,-199.4434713398453,32.63845171372084
30,0.08823529411764705,apic,8,288.39653748258064,164.67513406501556,-203.56778482839303,34.69741370284296
30,0.14705882352941174,apic,8,293.1871278799488,166.71297356047177,-207.5146370041418,36.39986249660967
30,0.20588235294117646,apic,8,297.97771827731697,168.1353604294197,-211.22023896824788,38.8321110381203
30,0.2647058823529412,apic,8,302.7683086746851,168.14196243233292,-215.2296115736372,41.07238691699889
30,0.3235294117647059,apic,8,307.5588990720533,168.6277040313924,-219.29600703754667,43.51774790917113
30,0.3823529411764706,apic,8,312.3494894694215,168.5587239711061,-223.56624165876664,45.66041667694694
30,0.44117647058823534,apic,8,317.1400798667896,169.1736780586212,-228.01346028296317,47.09577172032192
30,0.5,apic,8,321.9306702641578,171.4865708572206,-231.60969508277043,49.16412455704497
30,0.5588235294117647,apic,8,326.721260661526,173.3357953241748,-235.93226851017513,49.26093195554833
30,0.6176470588235294,apic,8,331.51185105889414,171.52155182615792,-240.00703376354994,49.71339049908608
30,0.6764705882352942,apic,8,336.30244145626233,169.9107756422418,-244.18910164134354,51.21764811751949
30,0.7352941176470589,apic,8,341.09303185363046,169.7489152355681,-248.43330531543043,52.58630363864085
30,0.7941176470588236,apic,8,345.88362225099866,170.21326992887708,-252.93222754290593,53.613768538363324
30,0.8529411764705883,apic,8,350.67421264836685,170.29408425906914,-257.3188335887994,54.575058672779264
30,0.911764705882353,apic,8,355.464803045735,168.7530528623632,-261.7643169380148,54.51900701159677
30,0.9705882352941178,apic,8,360.2553934431032,168.90199518289396,-266.14701269876554,55.34319093050405
31,0.038461538461538464,apic,9,283.60919701132406,166.9606089558819,-199.59372720634994,31.716633025269537
31,0.11538461538461539,apic,9,288.4062872609154,169.4374338971418,-203.61005999599965,31.784807238184
31,0.19230769230769232,apic,9,293.20337751050675,172.69265238122094,-207.0303852338765,31.273067546225572
31,0.2692307692307693,apic,9,298.0004677600981,175.34022646027412,-210.93945221200855,31.57214993947427
31,0.3461538461538462,apic,9,302.79755800968945,178.44758411801345,-214.50816091392326,32.13839115063671
31,0.42307692307692313,apic,9,307.59464825928086,180.92675835934406,-218.540140972777,32.40023109996827
31,0.5,apic,9,312.3917385088722,184.43066072359758,-221.70050414724733,32.42562239486757
31,0.5769230769230769,apic,9,317.18882875846356,187.92718383943773,-224.95385478698327,32.596008878733905
31,0.6538461538461537,apic,9,321.9859190080549,191.75663035641034,-227.78456692294657,32.325418291730884
31,0.7307692307692306,apic,9,326.78300925764626,193.79405958080608,-231.7251755371936,31.222826995863517
31,0.8076923076923075,apic,9,331.5800995072376,196.9760706465415,-234.81055062805353,30.68067833842813
31,0.8846153846153844,apic,9,336.37718975682895,200.39069301175815,-237.81086472261376,29.872260501638028
31,0.9615384615384612,apic,9,341.17428000642036,204.37124345647834,-239.44218527564627,30.490107442541575
32,0.02631578947368421,apic,10,246.07719344422114,154.24471982750728,-168.71129115967577,22.652403729397715
32,0.07894736842105263,apic,10,251.09878445250135,158.72723571734213,-169.95748925072894,23.96982658688231
32,0.13157894736842105,apic,10,256.1203754607816,163.21173530942937,-171.81134883631935,25.038565594191827
32,0.18421052631578946,apic,10,261.1419664690617,166.63308348418923,-175.1737654759028,26.42530215517725
32,0.23684210526315788,apic,10,266.1635574773419,168.87274147813946,-178.54663691440922,28.287684846256166
32,0.2894736842105263,apic,10,271.1851484856221,172.66090797607205,-180.862253733259,30.114773373104846
32,0.34210526315789475,apic,10,276.20673949390226,175.88565169432007,-184.25482574161902,31.506245960661662
32,0.39473684210526316,apic,10,281.2283305021825,177.77034837811732,-188.4912250167745,33.123204824109145
32,0.4473684210526316,apic,10,286.2499215104627,181.89997621073817,-191.03786861669616,34.27392960465893
32,0.5,apic,10,291.27151251874284,184.73887457168394,-194.79882417179334,35.80700200975487
32,0.5526315789473684,apic,10,296.29310352702305,189.34151385824154,-196.5143693156761,36.574834641705245
32,0.6052631578947367,apic,10,301.31469453530326,193.15043273526865,-198.6611668729388,38.946787906419864
32,0.6578947368421051,apic,10,306.3362855435834,196.7053049831361,-200.63075561947386,41.41090465024203
32,0.7105263157894735,apic,10,311.3578765518636,199.08582494052553,-203.86615622335765,43.45287702996472
32,0.7631578947368418,apic,10,316.37946756014384,203.57429058429685,-204.38088986311718,45.47852576939114
32,0.8157894736842102,apic,10,321.401058568424,207.76594686727051,-205.75927278706268,47.70924910285151
32,0.8684210526315785,apic,10,326.4226495767042,211.8442415583141,-205.04725228468047,50.37624836699497
32,0.9210526315789469,apic,10,331.4442405849844,215.9233821744971,-204.39725186544396,53.0520543330611
32,0.9736842105263153,apic,10,336.46583159326457,220.0453461511321,-204.99074556519915,55.294096855320255
33,0.16666666666666666,apic,11,341.6417419498793,223.86062493049945,-207.6464852504493,55.96846949687617
33,0.5,apic,11,346.9719716548285,228.9755647480633,-208.09489649824962,57.014699998113706
33,0.8333333333333333,apic,11,352.3022013597777,234.08509643843274,-208.929732112415,57.7873251912608
34,0.16666666666666666,apic,12,342.08720576755144,222.99642891797524,-205.1526642381523,58.91092725607881
34,0.5,apic,12,348.308363107845,228.0447944003358,-204.8488462103141,62.240834726430194
34,0.8333333333333333,apic,12,354.5295204481386,233.17658200407286,-204.13921554934606,65.53407120973199
35,0.07142857142857142,apic,13,82.10101747357703,52.41864856667117,-53.38507223816526,0.11140403166275703
35,0.21428571428571427,apic,13,87.55143996312549,56.36911433506777,-53.01186254690038,-3.613462816933337
35,0.3571428571428571,apic,13,93.00186245267392,60.51914077926016,-54.70867618283284,-6.5834476402850015
35,0.49999999999999994,apic,13,98.45228494222238,63.562906283656815,-58.55317043855053,-8.876404062272323
35,0.6428571428571428,apic,13,103.90270743177084,65.09812872814742,-63.029023141592944,-11.0812078300055
35,0.7857142857142856,apic,13,109.35312992131927,62.82605446998052,-66.58359275027681,-13.39243796410567
35,0.9285714285714284,apic,13,114.80355241086772,61.68796399764916,-71.60954368142572,-14.338423556660223
36,0.02,apic,14,66.2570882731353,38.23551279781913,-48.0904405213045,3.3075568252528167
36,0.06,apic,14,71.24187796577607,35.680705374275846,-51.68253990971353,4.934808133238842
36,0.1,apic,14,76.22666765841683,32.54235770311197,-53.938057992960175,6.498018686123928
36,0.14,apic,14,81.21145735105762,28.90589296483313,-56.60068468334221,7.3186087361314796
36,0.18000000000000002,apic,14,86.19624704369838,24.624936191872912,-58.45462909327992,8.198747248749854
36,0.22000000000000003,apic,14,91.18103673633914,20.909982438013557,-61.34992907841311,9.030508198608567
36,0.26,apic,14,96.16582642897993,17.557907148335246,-64.70051578857537,9.973382307912187
36,0.3,apic,14,101.15061612162069,16.057608677517756,-69.35723970397056,10.345447320563766
36,0.33999999999999997,apic,14,106.13540581426147,14.321645859262565,-73.9016917347715,10.52445407626361
36,0.37999999999999995,apic,14,111.12019550690223,11.744423930124803,-77.82585769367842,11.268247197106033
36,0.41999999999999993,apic,14,116.104985199543,9.617589113417901,-82.13761636744682,11.876326493806127
36,0.4599999999999999,apic,14,121.08977489218378,6.432528346093987,-85.61871868948298,11.754953878893428
36,0.4999999999999999,apic,14,126.07456458482454,4.3312366978353705,-89.71182696904822,11.162468989421717
36,0.5399999999999999,apic,14,131.05935427746533,1.4025795077920156,-93.33339581086099,9.608034099831638
36,0.58,apic,14,136.0441439701061,0.8129002712653526,-97.7453721845933,7.6643915411460855
36,0.62,apic,14,141.02893366274685,-1.3928271041245694,-101.64188342061797,5.6037519308838855
36,0.66,apic,14,146.01372335538764,-4.2119200822884935,-104.92859889090444,3.361688062652336
36,0.7000000000000001,apic,14,150.9985130480284,-3.3023700068685704,-109.66066355089069,3.895735651127324
36,0.7400000000000001,apic,14,155.9833027406692,-2.740968082443761,-114.20606646901395,5.368146362231999
36,0.7800000000000001,apic,14,160.96809243330995,-5.350359343669962,-117.9677165972119,6.6115862402273375
36,0.8200000000000002,apic,14,165.9528821259507,-6.709993410823251,-122.67821465206137,6.85961262907552
36,0.8600000000000002,apic,14,170.9376718185915,-6.352231000279207,-127.52902424347968,7.660620466475859
36,0.9000000000000002,apic,14,175.92246151123226,-4.869818938058377,-132.09622529875563,8.552041060394885
36,0.9400000000000003,apic,14,180.90725120387302,-3.184381583236925,-136.12161380903086,10.41048628747636
36,0.9800000000000003,apic,14,185.8920408965138,-2.218950076731033,-140.0372169176308,11.247546026769959
37,0.07142857142857142,axon,0,11.883854457310267,7.013523646763392,0.0,0.0
37,0.21428571428571427,axon,0,16.169568743024552,11.299237932477677,0.0,0.0
37,0.3571428571428571,axon,0,20.45528302873884,15.584952218191964,0.0,0.0
37,0.49999999999999994,axon,0,24.740997314453125,19.87066650384416,0.0,0.0
37,0.6428571428571428,axon,0,29.026711600167413,24.156372070268148,0.0,0.0
37,0.7857142857142856,axon,0,33.312425885881694,28.442077636692137,0.0,0.0
37,0.9285714285714284,axon,0,37.598140171595986,32.727783203116125,0.0,0.0
38,0.07142857142857142,axon,1,41.88385445731027,37.01349312918527,0.0,0.0
38,0.21428571428571427,axon,1,46.169568743024556,41.299207414899556,0.0,0.0
38,0.3571428571428571,axon,1,50.45528302873884,45.58492170061384,0.0,0.0
38,0.49999999999999994,axon,1,54.740997314453125,49.870635986328125,0.0,0.0
38,0.6428571428571428,axon,1,59.02671160016742,54.15635027204241,0.0,0.0
38,0.7857142857142856,axon,1,63.312425885881694,58.442064557756694,0.0,0.0
38,0.9285714285714284,axon,1,67.59814017159599,62.72777884347097,0.0,0.0
