Node ID,Distance,Conductance,Type,Name,IPSC
0,[11.584681059280044],[61.049999999999976],soma,['L5PCtemplate[0].soma[0]'],-0.11498643971208367
1,[11.584681059280044],[61.049999999999976],soma,['L5PCtemplate[1].soma[0]'],-0.11498643971208367
2,[11.584681059280044],[61.049999999999976],soma,['L5PCtemplate[2].soma[0]'],-0.11498643971208367
3,"[11.584681059280044, 11.584681059280044, 11.584681059280044, 11.584681059280044, 11.584681059280044]","[61.049999999999976, 61.049999999999976, 61.049999999999976, 61.049999999999976, 61.049999999999976]",soma,"['L5PCtemplate[3].soma[0]', 'L5PCtemplate[3].soma[0]', 'L5PCtemplate[3].soma[0]', 'L5PCtemplate[3].soma[0]', 'L5PCtemplate[3].soma[0]']",-0.4596363646584223
4,"[11.584681059280044, 11.584681059280044, 11.584681059280044]","[61.049999999999976, 61.049999999999976, 61.049999999999976]",soma,"['L5PCtemplate[4].soma[0]', 'L5PCtemplate[4].soma[0]', 'L5PCtemplate[4].soma[0]']",-0.22992255770759584
5,[11.584681059280044],[61.049999999999976],soma,['L5PCtemplate[5].soma[0]'],-0.11498643971208367
6,"[11.584681059280044, 11.584681059280044, 11.584681059280044, 11.584681059280044, 11.584681059280044]","[61.049999999999976, 61.049999999999976, 61.049999999999976, 61.049999999999976, 61.049999999999976]",soma,"['L5PCtemplate[6].soma[0]', 'L5PCtemplate[6].soma[0]', 'L5PCtemplate[6].soma[0]', 'L5PCtemplate[6].soma[0]', 'L5PCtemplate[6].soma[0]']",-0.574414126361944
7,"[11.584681059280044, 11.584681059280044]","[61.049999999999976, 61.049999999999976]",soma,"['L5PCtemplate[7].soma[0]', 'L5PCtemplate[7].soma[0]']",-0.22992255770759584
8,"[11.584681059280044, 11.584681059280044]","[61.049999999999976, 61.049999999999976]",soma,"['L5PCtemplate[8].soma[0]', 'L5PCtemplate[8].soma[0]']",-0.22992255770759584
9,"[11.584681059280044, 11.584681059280044]","[61.049999999999976, 61.049999999999976]",soma,"['L5PCtemplate[9].soma[0]', 'L5PCtemplate[9].soma[0]']",-0.22992255770759584
10,[11.584681059280044],[61.049999999999976],soma,['L5PCtemplate[10].soma[0]'],0.0
11,"[11.584681059280044, 11.584681059280044]","[61.049999999999976, 61.049999999999976]",soma,"['L5PCtemplate[11].soma[0]', 'L5PCtemplate[11].soma[0]']",-0.22992255770759584
12,"[11.584681059280044, 11.584681059280044]","[61.049999999999976, 61.049999999999976]",soma,"['L5PCtemplate[12].soma[0]', 'L5PCtemplate[12].soma[0]']",-0.22992255770759584
13,"[11.584681059280044, 11.584681059280044, 11.584681059280044, 11.584681059280044]","[61.049999999999976, 61.049999999999976, 61.049999999999976, 61.049999999999976]",soma,"['L5PCtemplate[13].soma[0]', 'L5PCtemplate[13].soma[0]', 'L5PCtemplate[13].soma[0]', 'L5PCtemplate[13].soma[0]']",-0.4596363646584223
14,[11.584681059280044],[61.049999999999976],soma,['L5PCtemplate[14].soma[0]'],-0.11498643971208367
15,"[11.584681059280044, 11.584681059280044, 11.584681059280044, 11.584681059280044]","[61.049999999999976, 61.049999999999976, 61.049999999999976, 61.049999999999976]",soma,"['L5PCtemplate[15].soma[0]', 'L5PCtemplate[15].soma[0]', 'L5PCtemplate[15].soma[0]', 'L5PCtemplate[15].soma[0]']",-0.4596363646584223
16,"[11.584681059280044, 11.584681059280044, 11.584681059280044, 11.584681059280044]","[61.049999999999976, 61.049999999999976, 61.049999999999976, 61.049999999999976]",soma,"['L5PCtemplate[16].soma[0]', 'L5PCtemplate[16].soma[0]', 'L5PCtemplate[16].soma[0]', 'L5PCtemplate[16].soma[0]']",-0.22992255770759584
17,"[11.584681059280044, 11.584681059280044, 11.584681059280044]","[61.049999999999976, 61.049999999999976, 61.049999999999976]",soma,"['L5PCtemplate[17].soma[0]', 'L5PCtemplate[17].soma[0]', 'L5PCtemplate[17].soma[0]']",-0.22992255770759584
18,"[11.584681059280044, 11.584681059280044]","[61.049999999999976, 61.049999999999976]",soma,"['L5PCtemplate[18].soma[0]', 'L5PCtemplate[18].soma[0]']",-0.22992255770759584
19,[11.584681059280044],[61.049999999999976],soma,['L5PCtemplate[19].soma[0]'],-0.11498643971208367
20,[11.584681059280044],[61.049999999999976],soma,['L5PCtemplate[20].soma[0]'],-0.11498643971208367
21,"[11.584681059280044, 11.584681059280044, 11.584681059280044]","[61.049999999999976, 61.049999999999976, 61.049999999999976]",soma,"['L5PCtemplate[21].soma[0]', 'L5PCtemplate[21].soma[0]', 'L5PCtemplate[21].soma[0]']",-0.34480585389360385
22,"[11.584681059280044, 11.584681059280044, 11.584681059280044, 11.584681059280044]","[61.049999999999976, 61.049999999999976, 61.049999999999976, 61.049999999999976]",soma,"['L5PCtemplate[22].soma[0]', 'L5PCtemplate[22].soma[0]', 'L5PCtemplate[22].soma[0]', 'L5PCtemplate[22].soma[0]']",-0.4596363646584223
23,"[11.584681059280044, 11.584681059280044, 11.584681059280044, 11.584681059280044, 11.584681059280044]","[61.049999999999976, 61.049999999999976, 61.049999999999976, 61.049999999999976, 61.049999999999976]",soma,"['L5PCtemplate[23].soma[0]', 'L5PCtemplate[23].soma[0]', 'L5PCtemplate[23].soma[0]', 'L5PCtemplate[23].soma[0]', 'L5PCtemplate[23].soma[0]']",-0.574414126361944
24,[11.584681059280044],[61.049999999999976],soma,['L5PCtemplate[24].soma[0]'],-0.11498643971208367
25,[11.584681059280044],[61.049999999999976],soma,['L5PCtemplate[25].soma[0]'],-0.11498643971208367
26,[11.584681059280044],[61.049999999999976],soma,['L5PCtemplate[26].soma[0]'],0.0
27,"[11.584681059280044, 11.584681059280044]","[61.049999999999976, 61.049999999999976]",soma,"['L5PCtemplate[27].soma[0]', 'L5PCtemplate[27].soma[0]']",-0.22992255770759584
28,"[11.584681059280044, 11.584681059280044]","[61.049999999999976, 61.049999999999976]",soma,"['L5PCtemplate[28].soma[0]', 'L5PCtemplate[28].soma[0]']",-0.22992255770759584
29,"[11.584681059280044, 11.584681059280044, 11.584681059280044]","[61.049999999999976, 61.049999999999976, 61.049999999999976]",soma,"['L5PCtemplate[29].soma[0]', 'L5PCtemplate[29].soma[0]', 'L5PCtemplate[29].soma[0]']",-0.34480585389360385
30,"[11.584681059280044, 11.584681059280044, 11.584681059280044, 11.584681059280044, 11.584681059280044]","[61.049999999999976, 61.049999999999976, 61.049999999999976, 61.049999999999976, 61.049999999999976]",soma,"['L5PCtemplate[30].soma[0]', 'L5PCtemplate[30].soma[0]', 'L5PCtemplate[30].soma[0]', 'L5PCtemplate[30].soma[0]', 'L5PCtemplate[30].soma[0]']",-0.574414126361944
31,"[11.584681059280044, 11.584681059280044, 11.584681059280044]","[61.049999999999976, 61.049999999999976, 61.049999999999976]",soma,"['L5PCtemplate[31].soma[0]', 'L5PCtemplate[31].soma[0]', 'L5PCtemplate[31].soma[0]']",-0.22992255770759584
32,[11.584681059280044],[61.049999999999976],soma,['L5PCtemplate[32].soma[0]'],-0.11498643971208367
33,"[11.584681059280044, 11.584681059280044, 11.584681059280044, 11.584681059280044, 11.584681059280044]","[61.049999999999976, 61.049999999999976, 61.049999999999976, 61.049999999999976, 61.049999999999976]",soma,"['L5PCtemplate[33].soma[0]', 'L5PCtemplate[33].soma[0]', 'L5PCtemplate[33].soma[0]', 'L5PCtemplate[33].soma[0]', 'L5PCtemplate[33].soma[0]']",-0.574414126361944
34,"[11.584681059280044, 11.584681059280044, 11.584681059280044, 11.584681059280044, 11.584681059280044]","[61.049999999999976, 61.049999999999976, 61.049999999999976, 61.049999999999976, 61.049999999999976]",soma,"['L5PCtemplate[34].soma[0]', 'L5PCtemplate[34].soma[0]', 'L5PCtemplate[34].soma[0]', 'L5PCtemplate[34].soma[0]', 'L5PCtemplate[34].soma[0]']",-0.4596363646584223
35,"[11.584681059280044, 11.584681059280044, 11.584681059280044, 11.584681059280044, 11.584681059280044]","[61.049999999999976, 61.049999999999976, 61.049999999999976, 61.049999999999976, 61.049999999999976]",soma,"['L5PCtemplate[35].soma[0]', 'L5PCtemplate[35].soma[0]', 'L5PCtemplate[35].soma[0]', 'L5PCtemplate[35].soma[0]', 'L5PCtemplate[35].soma[0]']",-0.34480585389360385
36,[11.584681059280044],[61.049999999999976],soma,['L5PCtemplate[36].soma[0]'],-0.11498643971208367
37,"[11.584681059280044, 11.584681059280044]","[61.049999999999976, 61.049999999999976]",soma,"['L5PCtemplate[37].soma[0]', 'L5PCtemplate[37].soma[0]']",-0.22992255770759584
38,[11.584681059280044],[61.049999999999976],soma,['L5PCtemplate[38].soma[0]'],-0.11498643971208367
39,"[11.584681059280044, 11.584681059280044, 11.584681059280044, 11.584681059280044]","[61.049999999999976, 61.049999999999976, 61.049999999999976, 61.049999999999976]",soma,"['L5PCtemplate[39].soma[0]', 'L5PCtemplate[39].soma[0]', 'L5PCtemplate[39].soma[0]', 'L5PCtemplate[39].soma[0]']",-0.34480585389360385
40,"[11.584681059280044, 11.584681059280044, 11.584681059280044]","[61.049999999999976, 61.049999999999976, 61.049999999999976]",soma,"['L5PCtemplate[40].soma[0]', 'L5PCtemplate[40].soma[0]', 'L5PCtemplate[40].soma[0]']",-0.22992255770759584
41,"[11.584681059280044, 11.584681059280044, 11.584681059280044, 11.584681059280044]","[61.049999999999976, 61.049999999999976, 61.049999999999976, 61.049999999999976]",soma,"['L5PCtemplate[41].soma[0]', 'L5PCtemplate[41].soma[0]', 'L5PCtemplate[41].soma[0]', 'L5PCtemplate[41].soma[0]']",-0.34480585389360385
42,[11.584681059280044],[61.049999999999976],soma,['L5PCtemplate[42].soma[0]'],-0.11498643971208367
43,"[11.584681059280044, 11.584681059280044]","[61.049999999999976, 61.049999999999976]",soma,"['L5PCtemplate[43].soma[0]', 'L5PCtemplate[43].soma[0]']",-0.11498643971208367
44,[11.584681059280044],[61.049999999999976],soma,['L5PCtemplate[44].soma[0]'],-0.11498643971208367
45,[11.584681059280044],[61.049999999999976],soma,['L5PCtemplate[45].soma[0]'],-0.11498643971208367
46,[11.584681059280044],[61.049999999999976],soma,['L5PCtemplate[46].soma[0]'],-0.11498643971208367
47,[11.584681059280044],[61.049999999999976],soma,['L5PCtemplate[47].soma[0]'],-0.11498643971208367
48,"[11.584681059280044, 11.584681059280044, 11.584681059280044]","[61.049999999999976, 61.049999999999976, 61.049999999999976]",soma,"['L5PCtemplate[48].soma[0]', 'L5PCtemplate[48].soma[0]', 'L5PCtemplate[48].soma[0]']",-0.34480585389360385
49,"[11.584681059280044, 11.584681059280044, 11.584681059280044, 11.584681059280044, 11.584681059280044]","[61.049999999999976, 61.049999999999976, 61.049999999999976, 61.049999999999976, 61.049999999999976]",soma,"['L5PCtemplate[49].soma[0]', 'L5PCtemplate[49].soma[0]', 'L5PCtemplate[49].soma[0]', 'L5PCtemplate[49].soma[0]', 'L5PCtemplate[49].soma[0]']",-0.574414126361944
50,"[11.584681059280044, 11.584681059280044, 11.584681059280044, 11.584681059280044, 11.584681059280044]","[61.049999999999976, 61.049999999999976, 61.049999999999976, 61.049999999999976, 61.049999999999976]",soma,"['L5PCtemplate[50].soma[0]', 'L5PCtemplate[50].soma[0]', 'L5PCtemplate[50].soma[0]', 'L5PCtemplate[50].soma[0]', 'L5PCtemplate[50].soma[0]']",-0.4596363646584223
51,[11.584681059280044],[61.049999999999976],soma,['L5PCtemplate[51].soma[0]'],-0.11498643971208367
52,"[11.584681059280044, 11.584681059280044, 11.584681059280044, 11.584681059280044]","[61.049999999999976, 61.049999999999976, 61.049999999999976, 61.049999999999976]",soma,"['L5PCtemplate[52].soma[0]', 'L5PCtemplate[52].soma[0]', 'L5PCtemplate[52].soma[0]', 'L5PCtemplate[52].soma[0]']",-0.4596363646584223
53,[11.584681059280044],[61.049999999999976],soma,['L5PCtemplate[53].soma[0]'],-0.11498643971208367
54,"[11.584681059280044, 11.584681059280044]","[61.049999999999976, 61.049999999999976]",soma,"['L5PCtemplate[54].soma[0]', 'L5PCtemplate[54].soma[0]']",-0.22992255770759584
55,[11.584681059280044],[61.049999999999976],soma,['L5PCtemplate[55].soma[0]'],-0.11498643971208367
56,[11.584681059280044],[61.049999999999976],soma,['L5PCtemplate[56].soma[0]'],-0.11498643971208367
57,"[11.584681059280044, 11.584681059280044, 11.584681059280044, 11.584681059280044]","[61.049999999999976, 61.049999999999976, 61.049999999999976, 61.049999999999976]",soma,"['L5PCtemplate[57].soma[0]', 'L5PCtemplate[57].soma[0]', 'L5PCtemplate[57].soma[0]', 'L5PCtemplate[57].soma[0]']",-0.4596363646584223
58,"[11.584681059280044, 11.584681059280044, 11.584681059280044]","[61.049999999999976, 61.049999999999976, 61.049999999999976]",soma,"['L5PCtemplate[58].soma[0]', 'L5PCtemplate[58].soma[0]', 'L5PCtemplate[58].soma[0]']",-0.22992255770759584
59,"[11.584681059280044, 11.584681059280044, 11.584681059280044, 11.584681059280044]","[61.049999999999976, 61.049999999999976, 61.049999999999976, 61.049999999999976]",soma,"['L5PCtemplate[59].soma[0]', 'L5PCtemplate[59].soma[0]', 'L5PCtemplate[59].soma[0]', 'L5PCtemplate[59].soma[0]']",-0.4596363646584223
60,"[11.584681059280044, 11.584681059280044, 11.584681059280044, 11.584681059280044, 11.584681059280044]","[61.049999999999976, 61.049999999999976, 61.049999999999976, 61.049999999999976, 61.049999999999976]",soma,"['L5PCtemplate[60].soma[0]', 'L5PCtemplate[60].soma[0]', 'L5PCtemplate[60].soma[0]', 'L5PCtemplate[60].soma[0]', 'L5PCtemplate[60].soma[0]']",-0.4596363646584223
61,"[11.584681059280044, 11.584681059280044, 11.584681059280044, 11.584681059280044]","[61.049999999999976, 61.049999999999976, 61.049999999999976, 61.049999999999976]",soma,"['L5PCtemplate[61].soma[0]', 'L5PCtemplate[61].soma[0]', 'L5PCtemplate[61].soma[0]', 'L5PCtemplate[61].soma[0]']",-0.4596363646584223
62,[11.584681059280044],[61.049999999999976],soma,['L5PCtemplate[62].soma[0]'],0.0
63,"[11.584681059280044, 11.584681059280044, 11.584681059280044]","[61.049999999999976, 61.049999999999976, 61.049999999999976]",soma,"['L5PCtemplate[63].soma[0]', 'L5PCtemplate[63].soma[0]', 'L5PCtemplate[63].soma[0]']",-0.34480585389360385
64,[11.584681059280044],[61.049999999999976],soma,['L5PCtemplate[64].soma[0]'],-0.11498643971208367
65,"[11.584681059280044, 11.584681059280044]","[61.049999999999976, 61.049999999999976]",soma,"['L5PCtemplate[65].soma[0]', 'L5PCtemplate[65].soma[0]']",-0.22992255770759584
66,[11.584681059280044],[61.049999999999976],soma,['L5PCtemplate[66].soma[0]'],-0.11498643971208367
67,"[11.584681059280044, 11.584681059280044, 11.584681059280044, 11.584681059280044, 11.584681059280044]","[61.049999999999976, 61.049999999999976, 61.049999999999976, 61.049999999999976, 61.049999999999976]",soma,"['L5PCtemplate[67].soma[0]', 'L5PCtemplate[67].soma[0]', 'L5PCtemplate[67].soma[0]', 'L5PCtemplate[67].soma[0]', 'L5PCtemplate[67].soma[0]']",-0.4596363646584223
68,"[11.584681059280044, 11.584681059280044]","[61.049999999999976, 61.049999999999976]",soma,"['L5PCtemplate[68].soma[0]', 'L5PCtemplate[68].soma[0]']",-0.22992255770759584
69,"[11.584681059280044, 11.584681059280044, 11.584681059280044]","[61.049999999999976, 61.049999999999976, 61.049999999999976]",soma,"['L5PCtemplate[69].soma[0]', 'L5PCtemplate[69].soma[0]', 'L5PCtemplate[69].soma[0]']",-0.34480585389360385
70,"[11.584681059280044, 11.584681059280044, 11.584681059280044]","[61.049999999999976, 61.049999999999976, 61.049999999999976]",soma,"['L5PCtemplate[70].soma[0]', 'L5PCtemplate[70].soma[0]', 'L5PCtemplate[70].soma[0]']",-0.22992255770759584
71,[11.584681059280044],[61.049999999999976],soma,['L5PCtemplate[71].soma[0]'],-0.11498643971208367
72,[11.584681059280044],[61.049999999999976],soma,['L5PCtemplate[72].soma[0]'],-0.11498643971208367
73,"[11.584681059280044, 11.584681059280044, 11.584681059280044, 11.584681059280044]","[61.049999999999976, 61.049999999999976, 61.049999999999976, 61.049999999999976]",soma,"['L5PCtemplate[73].soma[0]', 'L5PCtemplate[73].soma[0]', 'L5PCtemplate[73].soma[0]', 'L5PCtemplate[73].soma[0]']",-0.34480585389360385
74,[11.584681059280044],[61.049999999999976],soma,['L5PCtemplate[74].soma[0]'],0.0
75,[11.584681059280044],[61.049999999999976],soma,['L5PCtemplate[75].soma[0]'],-0.11498643971208367
76,"[11.584681059280044, 11.584681059280044, 11.584681059280044, 11.584681059280044, 11.584681059280044]","[61.049999999999976, 61.049999999999976, 61.049999999999976, 61.049999999999976, 61.049999999999976]",soma,"['L5PCtemplate[76].soma[0]', 'L5PCtemplate[76].soma[0]', 'L5PCtemplate[76].soma[0]', 'L5PCtemplate[76].soma[0]', 'L5PCtemplate[76].soma[0]']",-0.4596363646584223
77,"[11.584681059280044, 11.584681059280044, 11.584681059280044, 11.584681059280044]","[61.049999999999976, 61.049999999999976, 61.049999999999976, 61.049999999999976]",soma,"['L5PCtemplate[77].soma[0]', 'L5PCtemplate[77].soma[0]', 'L5PCtemplate[77].soma[0]', 'L5PCtemplate[77].soma[0]']",-0.34480585389360385
78,"[11.584681059280044, 11.584681059280044]","[61.049999999999976, 61.049999999999976]",soma,"['L5PCtemplate[78].soma[0]', 'L5PCtemplate[78].soma[0]']",-0.22992255770759584
79,[11.584681059280044],[61.049999999999976],soma,['L5PCtemplate[79].soma[0]'],-0.11498643971208367
80,[11.584681059280044],[61.049999999999976],soma,['L5PCtemplate[80].soma[0]'],-0.11498643971208367
81,[11.584681059280044],[61.049999999999976],soma,['L5PCtemplate[81].soma[0]'],-0.11498643971208367
82,[11.584681059280044],[61.049999999999976],soma,['L5PCtemplate[82].soma[0]'],-0.11498643971208367
83,"[11.584681059280044, 11.584681059280044]","[61.049999999999976, 61.049999999999976]",soma,"['L5PCtemplate[83].soma[0]', 'L5PCtemplate[83].soma[0]']",-0.22992255770759584
84,"[11.584681059280044, 11.584681059280044, 11.584681059280044, 11.584681059280044]","[61.049999999999976, 61.049999999999976, 61.049999999999976, 61.049999999999976]",soma,"['L5PCtemplate[84].soma[0]', 'L5PCtemplate[84].soma[0]', 'L5PCtemplate[84].soma[0]', 'L5PCtemplate[84].soma[0]']",-0.34480585389360385
85,"[11.584681059280044, 11.584681059280044]","[61.049999999999976, 61.049999999999976]",soma,"['L5PCtemplate[85].soma[0]', 'L5PCtemplate[85].soma[0]']",-0.22992255770759584
86,"[11.584681059280044, 11.584681059280044, 11.584681059280044]","[61.049999999999976, 61.049999999999976, 61.049999999999976]",soma,"['L5PCtemplate[86].soma[0]', 'L5PCtemplate[86].soma[0]', 'L5PCtemplate[86].soma[0]']",-0.22992255770759584
87,[11.584681059280044],[61.049999999999976],soma,['L5PCtemplate[87].soma[0]'],-0.11498643971208367
88,"[11.584681059280044, 11.584681059280044, 11.584681059280044, 11.584681059280044, 11.584681059280044]","[61.049999999999976, 61.049999999999976, 61.049999999999976, 61.049999999999976, 61.049999999999976]",soma,"['L5PCtemplate[88].soma[0]', 'L5PCtemplate[88].soma[0]', 'L5PCtemplate[88].soma[0]', 'L5PCtemplate[88].soma[0]', 'L5PCtemplate[88].soma[0]']",-0.34480585389360385
89,[11.584681059280044],[61.049999999999976],soma,['L5PCtemplate[89].soma[0]'],-0.11498643971208367
90,"[11.584681059280044, 11.584681059280044, 11.584681059280044, 11.584681059280044]","[61.049999999999976, 61.049999999999976, 61.049999999999976, 61.049999999999976]",soma,"['L5PCtemplate[90].soma[0]', 'L5PCtemplate[90].soma[0]', 'L5PCtemplate[90].soma[0]', 'L5PCtemplate[90].soma[0]']",-0.34480585389360385
91,"[11.584681059280044, 11.584681059280044, 11.584681059280044, 11.584681059280044, 11.584681059280044]","[61.049999999999976, 61.049999999999976, 61.049999999999976, 61.049999999999976, 61.049999999999976]",soma,"['L5PCtemplate[91].soma[0]', 'L5PCtemplate[91].soma[0]', 'L5PCtemplate[91].soma[0]', 'L5PCtemplate[91].soma[0]', 'L5PCtemplate[91].soma[0]']",-0.4596363646584223
92,"[11.584681059280044, 11.584681059280044, 11.584681059280044, 11.584681059280044]","[61.049999999999976, 61.049999999999976, 61.049999999999976, 61.049999999999976]",soma,"['L5PCtemplate[92].soma[0]', 'L5PCtemplate[92].soma[0]', 'L5PCtemplate[92].soma[0]', 'L5PCtemplate[92].soma[0]']",-0.34480585389360385
93,"[11.584681059280044, 11.584681059280044, 11.584681059280044]","[61.049999999999976, 61.049999999999976, 61.049999999999976]",soma,"['L5PCtemplate[93].soma[0]', 'L5PCtemplate[93].soma[0]', 'L5PCtemplate[93].soma[0]']",-0.34480585389360385
94,[11.584681059280044],[61.049999999999976],soma,['L5PCtemplate[94].soma[0]'],-0.11498643971208367
95,"[11.584681059280044, 11.584681059280044]","[61.049999999999976, 61.049999999999976]",soma,"['L5PCtemplate[95].soma[0]', 'L5PCtemplate[95].soma[0]']",-0.22992255770759584
96,"[11.584681059280044, 11.584681059280044]","[61.049999999999976, 61.049999999999976]",soma,"['L5PCtemplate[96].soma[0]', 'L5PCtemplate[96].soma[0]']",-0.22992255770759584
97,"[11.584681059280044, 11.584681059280044, 11.584681059280044, 11.584681059280044]","[61.049999999999976, 61.049999999999976, 61.049999999999976, 61.049999999999976]",soma,"['L5PCtemplate[97].soma[0]', 'L5PCtemplate[97].soma[0]', 'L5PCtemplate[97].soma[0]', 'L5PCtemplate[97].soma[0]']",-0.4596363646584223
98,"[11.584681059280044, 11.584681059280044, 11.584681059280044, 11.584681059280044]","[61.049999999999976, 61.049999999999976, 61.049999999999976, 61.049999999999976]",soma,"['L5PCtemplate[98].soma[0]', 'L5PCtemplate[98].soma[0]', 'L5PCtemplate[98].soma[0]', 'L5PCtemplate[98].soma[0]']",-0.34480585389360385
99,"[11.584681059280044, 11.584681059280044, 11.584681059280044]","[61.049999999999976, 61.049999999999976, 61.049999999999976]",soma,"['L5PCtemplate[99].soma[0]', 'L5PCtemplate[99].soma[0]', 'L5PCtemplate[99].soma[0]']",-0.34480585389360385
100,"[11.584681059280044, 11.584681059280044, 11.584681059280044]","[61.049999999999976, 61.049999999999976, 61.049999999999976]",soma,"['L5PCtemplate[100].soma[0]', 'L5PCtemplate[100].soma[0]', 'L5PCtemplate[100].soma[0]']",-0.34480585389360385
101,"[11.584681059280044, 11.584681059280044, 11.584681059280044, 11.584681059280044, 11.584681059280044]","[61.049999999999976, 61.049999999999976, 61.049999999999976, 61.049999999999976, 61.049999999999976]",soma,"['L5PCtemplate[101].soma[0]', 'L5PCtemplate[101].soma[0]', 'L5PCtemplate[101].soma[0]', 'L5PCtemplate[101].soma[0]', 'L5PCtemplate[101].soma[0]']",-0.34480585389360385
102,"[11.584681059280044, 11.584681059280044, 11.584681059280044]","[61.049999999999976, 61.049999999999976, 61.049999999999976]",soma,"['L5PCtemplate[102].soma[0]', 'L5PCtemplate[102].soma[0]', 'L5PCtemplate[102].soma[0]']",-0.34480585389360385
103,"[11.584681059280044, 11.584681059280044, 11.584681059280044, 11.584681059280044, 11.584681059280044]","[61.049999999999976, 61.049999999999976, 61.049999999999976, 61.049999999999976, 61.049999999999976]",soma,"['L5PCtemplate[103].soma[0]', 'L5PCtemplate[103].soma[0]', 'L5PCtemplate[103].soma[0]', 'L5PCtemplate[103].soma[0]', 'L5PCtemplate[103].soma[0]']",-0.4596363646584223
104,"[11.584681059280044, 11.584681059280044]","[61.049999999999976, 61.049999999999976]",soma,"['L5PCtemplate[104].soma[0]', 'L5PCtemplate[104].soma[0]']",-0.22992255770759584
105,"[11.584681059280044, 11.584681059280044, 11.584681059280044, 11.584681059280044, 11.584681059280044]","[61.049999999999976, 61.049999999999976, 61.049999999999976, 61.049999999999976, 61.049999999999976]",soma,"['L5PCtemplate[105].soma[0]', 'L5PCtemplate[105].soma[0]', 'L5PCtemplate[105].soma[0]', 'L5PCtemplate[105].soma[0]', 'L5PCtemplate[105].soma[0]']",-0.574414126361944
106,"[11.584681059280044, 11.584681059280044, 11.584681059280044, 11.584681059280044]","[61.049999999999976, 61.049999999999976, 61.049999999999976, 61.049999999999976]",soma,"['L5PCtemplate[106].soma[0]', 'L5PCtemplate[106].soma[0]', 'L5PCtemplate[106].soma[0]', 'L5PCtemplate[106].soma[0]']",-0.4596363646584223
107,"[11.584681059280044, 11.584681059280044]","[61.049999999999976, 61.049999999999976]",soma,"['L5PCtemplate[107].soma[0]', 'L5PCtemplate[107].soma[0]']",-0.22992255770759584
108,[11.584681059280044],[61.049999999999976],soma,['L5PCtemplate[108].soma[0]'],-0.11498643971208367
109,"[11.584681059280044, 11.584681059280044, 11.584681059280044, 11.584681059280044]","[61.049999999999976, 61.049999999999976, 61.049999999999976, 61.049999999999976]",soma,"['L5PCtemplate[109].soma[0]', 'L5PCtemplate[109].soma[0]', 'L5PCtemplate[109].soma[0]', 'L5PCtemplate[109].soma[0]']",-0.4596363646584223
110,"[11.584681059280044, 11.584681059280044, 11.584681059280044]","[61.049999999999976, 61.049999999999976, 61.049999999999976]",soma,"['L5PCtemplate[110].soma[0]', 'L5PCtemplate[110].soma[0]', 'L5PCtemplate[110].soma[0]']",-0.22992255770759584
111,"[11.584681059280044, 11.584681059280044, 11.584681059280044, 11.584681059280044]","[61.049999999999976, 61.049999999999976, 61.049999999999976, 61.049999999999976]",soma,"['L5PCtemplate[111].soma[0]', 'L5PCtemplate[111].soma[0]', 'L5PCtemplate[111].soma[0]', 'L5PCtemplate[111].soma[0]']",-0.34480585389360385
112,"[11.584681059280044, 11.584681059280044, 11.584681059280044]","[61.049999999999976, 61.049999999999976, 61.049999999999976]",soma,"['L5PCtemplate[112].soma[0]', 'L5PCtemplate[112].soma[0]', 'L5PCtemplate[112].soma[0]']",-0.34480585389360385
113,"[11.584681059280044, 11.584681059280044, 11.584681059280044, 11.584681059280044]","[61.049999999999976, 61.049999999999976, 61.049999999999976, 61.049999999999976]",soma,"['L5PCtemplate[113].soma[0]', 'L5PCtemplate[113].soma[0]', 'L5PCtemplate[113].soma[0]', 'L5PCtemplate[113].soma[0]']",-0.22992255770759584
114,[11.584681059280044],[61.049999999999976],soma,['L5PCtemplate[114].soma[0]'],-0.11498643971208367
115,[11.584681059280044],[61.049999999999976],soma,['L5PCtemplate[115].soma[0]'],-0.11498643971208367
116,"[11.584681059280044, 11.584681059280044, 11.584681059280044, 11.584681059280044, 11.584681059280044]","[61.049999999999976, 61.049999999999976, 61.049999999999976, 61.049999999999976, 61.049999999999976]",soma,"['L5PCtemplate[116].soma[0]', 'L5PCtemplate[116].soma[0]', 'L5PCtemplate[116].soma[0]', 'L5PCtemplate[116].soma[0]', 'L5PCtemplate[116].soma[0]']",-0.22992255770759584
117,[11.584681059280044],[61.049999999999976],soma,['L5PCtemplate[117].soma[0]'],-0.11498643971208367
118,"[11.584681059280044, 11.584681059280044, 11.584681059280044]","[61.049999999999976, 61.049999999999976, 61.049999999999976]",soma,"['L5PCtemplate[118].soma[0]', 'L5PCtemplate[118].soma[0]', 'L5PCtemplate[118].soma[0]']",-0.34480585389360385
119,"[11.584681059280044, 11.584681059280044, 11.584681059280044]","[61.049999999999976, 61.049999999999976, 61.049999999999976]",soma,"['L5PCtemplate[119].soma[0]', 'L5PCtemplate[119].soma[0]', 'L5PCtemplate[119].soma[0]']",-0.22992255770759584
120,"[11.584681059280044, 11.584681059280044, 11.584681059280044]","[61.049999999999976, 61.049999999999976, 61.049999999999976]",soma,"['L5PCtemplate[120].soma[0]', 'L5PCtemplate[120].soma[0]', 'L5PCtemplate[120].soma[0]']",-0.34480585389360385
121,"[11.584681059280044, 11.584681059280044]","[61.049999999999976, 61.049999999999976]",soma,"['L5PCtemplate[121].soma[0]', 'L5PCtemplate[121].soma[0]']",-0.22992255770759584
122,"[11.584681059280044, 11.584681059280044, 11.584681059280044]","[61.049999999999976, 61.049999999999976, 61.049999999999976]",soma,"['L5PCtemplate[122].soma[0]', 'L5PCtemplate[122].soma[0]', 'L5PCtemplate[122].soma[0]']",-0.34480585389360385
123,"[11.584681059280044, 11.584681059280044, 11.584681059280044, 11.584681059280044, 11.584681059280044]","[61.049999999999976, 61.049999999999976, 61.049999999999976, 61.049999999999976, 61.049999999999976]",soma,"['L5PCtemplate[123].soma[0]', 'L5PCtemplate[123].soma[0]', 'L5PCtemplate[123].soma[0]', 'L5PCtemplate[123].soma[0]', 'L5PCtemplate[123].soma[0]']",-0.574414126361944
124,"[11.584681059280044, 11.584681059280044, 11.584681059280044, 11.584681059280044, 11.584681059280044]","[61.049999999999976, 61.049999999999976, 61.049999999999976, 61.049999999999976, 61.049999999999976]",soma,"['L5PCtemplate[124].soma[0]', 'L5PCtemplate[124].soma[0]', 'L5PCtemplate[124].soma[0]', 'L5PCtemplate[124].soma[0]', 'L5PCtemplate[124].soma[0]']",-0.574414126361944
125,"[11.584681059280044, 11.584681059280044]","[61.049999999999976, 61.049999999999976]",soma,"['L5PCtemplate[125].soma[0]', 'L5PCtemplate[125].soma[0]']",-0.22992255770759584
126,"[11.584681059280044, 11.584681059280044, 11.584681059280044, 11.584681059280044, 11.584681059280044]","[61.049999999999976, 61.049999999999976, 61.049999999999976, 61.049999999999976, 61.049999999999976]",soma,"['L5PCtemplate[126].soma[0]', 'L5PCtemplate[126].soma[0]', 'L5PCtemplate[126].soma[0]', 'L5PCtemplate[126].soma[0]', 'L5PCtemplate[126].soma[0]']",-0.34480585389360385
127,"[11.584681059280044, 11.584681059280044, 11.584681059280044, 11.584681059280044]","[61.049999999999976, 61.049999999999976, 61.049999999999976, 61.049999999999976]",soma,"['L5PCtemplate[127].soma[0]', 'L5PCtemplate[127].soma[0]', 'L5PCtemplate[127].soma[0]', 'L5PCtemplate[127].soma[0]']",-0.34480585389360385
128,"[11.584681059280044, 11.584681059280044, 11.584681059280044, 11.584681059280044]","[61.049999999999976, 61.049999999999976, 61.049999999999976, 61.049999999999976]",soma,"['L5PCtemplate[128].soma[0]', 'L5PCtemplate[128].soma[0]', 'L5PCtemplate[128].soma[0]', 'L5PCtemplate[128].soma[0]']",-0.4596363646584223
129,"[11.584681059280044, 11.584681059280044]","[61.049999999999976, 61.049999999999976]",soma,"['L5PCtemplate[129].soma[0]', 'L5PCtemplate[129].soma[0]']",-0.11498643971208367
130,[11.584681059280044],[61.049999999999976],soma,['L5PCtemplate[130].soma[0]'],-0.11498643971208367
131,"[11.584681059280044, 11.584681059280044, 11.584681059280044, 11.584681059280044]","[61.049999999999976, 61.049999999999976, 61.049999999999976, 61.049999999999976]",soma,"['L5PCtemplate[131].soma[0]', 'L5PCtemplate[131].soma[0]', 'L5PCtemplate[131].soma[0]', 'L5PCtemplate[131].soma[0]']",-0.4596363646584223
132,"[11.584681059280044, 11.584681059280044, 11.584681059280044, 11.584681059280044]","[61.049999999999976, 61.049999999999976, 61.049999999999976, 61.049999999999976]",soma,"['L5PCtemplate[132].soma[0]', 'L5PCtemplate[132].soma[0]', 'L5PCtemplate[132].soma[0]', 'L5PCtemplate[132].soma[0]']",-0.4596363646584223
133,"[11.584681059280044, 11.584681059280044, 11.584681059280044, 11.584681059280044]","[61.049999999999976, 61.049999999999976, 61.049999999999976, 61.049999999999976]",soma,"['L5PCtemplate[133].soma[0]', 'L5PCtemplate[133].soma[0]', 'L5PCtemplate[133].soma[0]', 'L5PCtemplate[133].soma[0]']",-0.4596363646584223
134,"[11.584681059280044, 11.584681059280044, 11.584681059280044]","[61.049999999999976, 61.049999999999976, 61.049999999999976]",soma,"['L5PCtemplate[134].soma[0]', 'L5PCtemplate[134].soma[0]', 'L5PCtemplate[134].soma[0]']",-0.22992255770759584
135,"[11.584681059280044, 11.584681059280044]","[61.049999999999976, 61.049999999999976]",soma,"['L5PCtemplate[135].soma[0]', 'L5PCtemplate[135].soma[0]']",-0.11498643971208367
136,"[11.584681059280044, 11.584681059280044, 11.584681059280044, 11.584681059280044, 11.584681059280044]","[61.049999999999976, 61.049999999999976, 61.049999999999976, 61.049999999999976, 61.049999999999976]",soma,"['L5PCtemplate[136].soma[0]', 'L5PCtemplate[136].soma[0]', 'L5PCtemplate[136].soma[0]', 'L5PCtemplate[136].soma[0]', 'L5PCtemplate[136].soma[0]']",-0.574414126361944
137,"[11.584681059280044, 11.584681059280044]","[61.049999999999976, 61.049999999999976]",soma,"['L5PCtemplate[137].soma[0]', 'L5PCtemplate[137].soma[0]']",-0.22992255770759584
138,"[11.584681059280044, 11.584681059280044]","[61.049999999999976, 61.049999999999976]",soma,"['L5PCtemplate[138].soma[0]', 'L5PCtemplate[138].soma[0]']",-0.22992255770759584
139,[11.584681059280044],[61.049999999999976],soma,['L5PCtemplate[139].soma[0]'],-0.11498643971208367
140,"[11.584681059280044, 11.584681059280044]","[61.049999999999976, 61.049999999999976]",soma,"['L5PCtemplate[140].soma[0]', 'L5PCtemplate[140].soma[0]']",-0.22992255770759584
141,[11.584681059280044],[61.049999999999976],soma,['L5PCtemplate[141].soma[0]'],-0.11498643971208367
142,[11.584681059280044],[61.049999999999976],soma,['L5PCtemplate[142].soma[0]'],0.0
143,"[11.584681059280044, 11.584681059280044, 11.584681059280044, 11.584681059280044]","[61.049999999999976, 61.049999999999976, 61.049999999999976, 61.049999999999976]",soma,"['L5PCtemplate[143].soma[0]', 'L5PCtemplate[143].soma[0]', 'L5PCtemplate[143].soma[0]', 'L5PCtemplate[143].soma[0]']",-0.4596363646584223
144,"[11.584681059280044, 11.584681059280044]","[61.049999999999976, 61.049999999999976]",soma,"['L5PCtemplate[144].soma[0]', 'L5PCtemplate[144].soma[0]']",-0.22992255770759584
145,"[11.584681059280044, 11.584681059280044]","[61.049999999999976, 61.049999999999976]",soma,"['L5PCtemplate[145].soma[0]', 'L5PCtemplate[145].soma[0]']",-0.22992255770759584
146,"[11.584681059280044, 11.584681059280044, 11.584681059280044]","[61.049999999999976, 61.049999999999976, 61.049999999999976]",soma,"['L5PCtemplate[146].soma[0]', 'L5PCtemplate[146].soma[0]', 'L5PCtemplate[146].soma[0]']",-0.34480585389360385
147,"[11.584681059280044, 11.584681059280044, 11.584681059280044, 11.584681059280044, 11.584681059280044]","[61.049999999999976, 61.049999999999976, 61.049999999999976, 61.049999999999976, 61.049999999999976]",soma,"['L5PCtemplate[147].soma[0]', 'L5PCtemplate[147].soma[0]', 'L5PCtemplate[147].soma[0]', 'L5PCtemplate[147].soma[0]', 'L5PCtemplate[147].soma[0]']",-0.574414126361944
148,[11.584681059280044],[61.049999999999976],soma,['L5PCtemplate[148].soma[0]'],-0.11498643971208367
149,"[11.584681059280044, 11.584681059280044]","[61.049999999999976, 61.049999999999976]",soma,"['L5PCtemplate[149].soma[0]', 'L5PCtemplate[149].soma[0]']",-0.22992255770759584
150,"[43.431583169161684, 46.95412193191092, 43.55461003450599]","[61.049999999999976, 61.049999999999976, 61.049999999999976]",dend,"['L5PCtemplate[150].dend[71]', 'L5PCtemplate[150].dend[8]', 'L5PCtemplate[150].dend[25]']",-0.16692042967605403
151,"[38.4597066482708, 43.79339593421373]","[61.049999999999976, 61.049999999999976]",dend,"['L5PCtemplate[151].dend[80]', 'L5PCtemplate[151].dend[64]']",-0.09595757044422726
152,"[25.153635303841966, 39.236865054279654, 19.134581469327554, 43.376657406909544]","[61.049999999999976, 61.049999999999976, 61.049999999999976, 61.049999999999976]",dend,"['L5PCtemplate[152].dend[7]', 'L5PCtemplate[152].dend[43]', 'L5PCtemplate[152].dend[42]', 'L5PCtemplate[152].dend[1]']",-0.1925295966529461
153,"[19.134581469327554, 54.42691513006233, 21.99791443707396, 40.46781262524572]","[61.049999999999976, 61.049999999999976, 61.049999999999976, 61.049999999999976]",dend,"['L5PCtemplate[153].dend[42]', 'L5PCtemplate[153].dend[51]', 'L5PCtemplate[153].dend[63]', 'L5PCtemplate[153].dend[81]']",-0.20258833431796575
154,"[50.49431150301488, 38.4597066482708, 46.95412193191092]","[61.049999999999976, 61.049999999999976, 61.049999999999976]",dend,"['L5PCtemplate[154].dend[53]', 'L5PCtemplate[154].dend[80]', 'L5PCtemplate[154].dend[8]']",-0.13209602186350367
155,"[43.55461003450599, 39.236865054279654, 49.484739032008434]","[61.049999999999976, 61.049999999999976, 61.049999999999976]",dend,"['L5PCtemplate[155].dend[25]', 'L5PCtemplate[155].dend[43]', 'L5PCtemplate[155].dend[18]']",-0.16298459278374366
156,"[18.296019922873125, 31.611188481369112, 49.484739032008434, 49.484739032008434, 21.99791443707396]","[61.049999999999976, 61.049999999999976, 61.049999999999976, 61.049999999999976, 61.049999999999976]",dend,"['L5PCtemplate[156].dend[78]', 'L5PCtemplate[156].dend[46]', 'L5PCtemplate[156].dend[18]', 'L5PCtemplate[156].dend[18]', 'L5PCtemplate[156].dend[63]']",-0.33219848175605193
157,[45.30642964871635],[61.049999999999976],dend,['L5PCtemplate[157].dend[6]'],0.0
158,"[43.431583169161684, 42.76233532979531]","[61.049999999999976, 61.049999999999976]",dend,"['L5PCtemplate[158].dend[71]', 'L5PCtemplate[158].dend[11]']",-0.12169798757071248
159,"[31.71869765005929, 43.55461003450599]","[61.049999999999976, 61.049999999999976]",dend,"['L5PCtemplate[159].dend[78]', 'L5PCtemplate[159].dend[25]']",-0.12263022466925122
160,[38.4597066482708],[61.049999999999976],dend,['L5PCtemplate[160].dend[80]'],-0.03463480372971617
161,"[43.55461003450599, 43.79339593421373, 19.472293561258248, 21.99791443707396, 43.431583169161684]","[61.049999999999976, 61.049999999999976, 61.049999999999976, 61.049999999999976, 61.049999999999976]",dend,"['L5PCtemplate[161].dend[25]', 'L5PCtemplate[161].dend[64]', 'L5PCtemplate[161].dend[79]', 'L5PCtemplate[161].dend[63]', 'L5PCtemplate[161].dend[71]']",-0.2943433233966175
162,"[21.99791443707396, 40.42374332073766, 21.19770181309925, 49.484739032008434]","[61.049999999999976, 61.049999999999976, 61.049999999999976, 61.049999999999976]",dend,"['L5PCtemplate[162].dend[63]', 'L5PCtemplate[162].dend[39]', 'L5PCtemplate[162].dend[39]', 'L5PCtemplate[162].dend[18]']",-0.26001541579177
163,"[31.524097790919825, 43.55461003450599, 49.484739032008434, 31.71869765005929, 40.42374332073766]","[61.049999999999976, 61.049999999999976, 61.049999999999976, 61.049999999999976, 61.049999999999976]",dend,"['L5PCtemplate[163].dend[34]', 'L5PCtemplate[163].dend[25]', 'L5PCtemplate[163].dend[18]', 'L5PCtemplate[163].dend[78]', 'L5PCtemplate[163].dend[39]']",-0.26507797854264936
164,[31.71869765005929],[61.049999999999976],dend,['L5PCtemplate[164].dend[78]'],-0.06557627052217185
165,[43.55461003450599],[61.049999999999976],dend,['L5PCtemplate[165].dend[25]'],-0.05958161738561785
166,"[19.472293561258248, 46.95412193191092, 31.524097790919825]","[61.049999999999976, 61.049999999999976, 61.049999999999976]",dend,"['L5PCtemplate[166].dend[79]', 'L5PCtemplate[166].dend[8]', 'L5PCtemplate[166].dend[34]']",-0.11166153140464985
167,"[40.511228579769494, 19.134581469327554, 25.98002923331516]","[61.049999999999976, 61.049999999999976, 61.049999999999976]",dend,"['L5PCtemplate[167].dend[47]', 'L5PCtemplate[167].dend[42]', 'L5PCtemplate[167].dend[17]']",-0.2165452316191363
168,"[48.11568515762355, 38.4597066482708, 48.11568515762355]","[61.049999999999976, 61.049999999999976, 61.049999999999976]",dend,"['L5PCtemplate[168].dend[60]', 'L5PCtemplate[168].dend[80]', 'L5PCtemplate[168].dend[60]']",-0.10847507755471497
169,"[43.376657406909544, 17.007759883768998, 49.484739032008434, 19.134581469327554]","[61.049999999999976, 61.049999999999976, 61.049999999999976, 61.049999999999976]",dend,"['L5PCtemplate[169].dend[1]', 'L5PCtemplate[169].dend[16]', 'L5PCtemplate[169].dend[18]', 'L5PCtemplate[169].dend[42]']",-0.19824596958528673
170,"[50.49431150301488, 19.472293561258248, 31.611188481369112, 18.296019922873125, 17.007759883768998]","[61.049999999999976, 61.049999999999976, 61.049999999999976, 61.049999999999976, 61.049999999999976]",dend,"['L5PCtemplate[170].dend[53]', 'L5PCtemplate[170].dend[79]', 'L5PCtemplate[170].dend[46]', 'L5PCtemplate[170].dend[78]', 'L5PCtemplate[170].dend[16]']",-0.38642946882276874
171,"[25.153635303841966, 25.153635303841966]","[61.049999999999976, 61.049999999999976]",dend,"['L5PCtemplate[171].dend[7]', 'L5PCtemplate[171].dend[7]']",-0.13150698688235707
172,"[45.30642964871635, 21.99791443707396, 19.134581469327554, 31.611188481369112, 40.511228579769494]","[61.049999999999976, 61.049999999999976, 61.049999999999976, 61.049999999999976, 61.049999999999976]",dend,"['L5PCtemplate[172].dend[6]', 'L5PCtemplate[172].dend[63]', 'L5PCtemplate[172].dend[42]', 'L5PCtemplate[172].dend[46]', 'L5PCtemplate[172].dend[47]']",-0.2771953835463137
173,[40.42374332073766],[61.049999999999976],dend,['L5PCtemplate[173].dend[39]'],-0.049342479618985635
174,[18.296019922873125],[61.049999999999976],dend,['L5PCtemplate[174].dend[78]'],-0.09005550717660071
175,"[31.524097790919825, 54.194117300567484]","[61.049999999999976, 61.049999999999976]",dend,"['L5PCtemplate[175].dend[34]', 'L5PCtemplate[175].dend[15]']",-0.10721920460809997
176,"[19.134581469327554, 43.431583169161684]","[61.049999999999976, 61.049999999999976]",dend,"['L5PCtemplate[176].dend[42]', 'L5PCtemplate[176].dend[71]']",-0.15067030587090358
177,"[39.236865054279654, 23.685120174334173, 43.79339593421373]","[61.049999999999976, 61.049999999999976, 61.049999999999976]",dend,"['L5PCtemplate[177].dend[43]', 'L5PCtemplate[177].dend[0]', 'L5PCtemplate[177].dend[64]']",-0.12494715988964344
178,[38.4597066482708],[61.049999999999976],dend,['L5PCtemplate[178].dend[80]'],-0.03463480372971617
179,"[39.236865054279654, 45.30642964871635, 21.99791443707396]","[61.049999999999976, 61.049999999999976, 61.049999999999976]",dend,"['L5PCtemplate[179].dend[43]', 'L5PCtemplate[179].dend[6]', 'L5PCtemplate[179].dend[63]']",-0.20369504454151866
180,[19.134581469327554],[61.049999999999976],dend,['L5PCtemplate[180].dend[42]'],-0.08836414744735066
181,[19.472293561258248],[61.049999999999976],dend,['L5PCtemplate[181].dend[79]'],-0.09388619922816588
182,"[31.71869765005929, 19.472293561258248, 19.472293561258248]","[61.049999999999976, 61.049999999999976, 61.049999999999976]",dend,"['L5PCtemplate[182].dend[78]', 'L5PCtemplate[182].dend[79]', 'L5PCtemplate[182].dend[79]']",-0.22877233111984197
183,[43.376657406909544],[61.049999999999976],dend,['L5PCtemplate[183].dend[1]'],-0.054146215541095444
184,[25.153635303841966],[61.049999999999976],dend,['L5PCtemplate[184].dend[7]'],-0.0802977624431378
185,"[39.236865054279654, 48.11568515762355, 19.134581469327554]","[61.049999999999976, 61.049999999999976, 61.049999999999976]",dend,"['L5PCtemplate[185].dend[43]', 'L5PCtemplate[185].dend[60]', 'L5PCtemplate[185].dend[42]']",-0.1718370448230644
186,"[21.19770181309925, 39.236865054279654, 43.376657406909544, 21.99791443707396, 21.99791443707396]","[61.049999999999976, 61.049999999999976, 61.049999999999976, 61.049999999999976, 61.049999999999976]",dend,"['L5PCtemplate[186].dend[39]', 'L5PCtemplate[186].dend[43]', 'L5PCtemplate[186].dend[1]', 'L5PCtemplate[186].dend[63]', 'L5PCtemplate[186].dend[63]']",-0.38088372468223497
187,"[19.134581469327554, 43.431583169161684, 39.236865054279654]","[61.049999999999976, 61.049999999999976, 61.049999999999976]",dend,"['L5PCtemplate[187].dend[42]', 'L5PCtemplate[187].dend[71]', 'L5PCtemplate[187].dend[43]']",-0.20142117119661407
188,"[21.19770181309925, 52.04017135889184, 45.14137537724546, 19.134581469327554]","[61.049999999999976, 61.049999999999976, 61.049999999999976, 61.049999999999976]",dend,"['L5PCtemplate[188].dend[39]', 'L5PCtemplate[188].dend[35]', 'L5PCtemplate[188].dend[78]', 'L5PCtemplate[188].dend[42]']",-0.25068154302374523
189,"[43.79339593421373, 54.42691513006233]","[61.049999999999976, 61.049999999999976]",dend,"['L5PCtemplate[189].dend[64]', 'L5PCtemplate[189].dend[51]']",-0.07909262058944933
190,[39.236865054279654],[61.049999999999976],dend,['L5PCtemplate[190].dend[43]'],-0.06386199155485883
191,[43.79339593421373],[61.049999999999976],dend,['L5PCtemplate[191].dend[64]'],-0.06132644902692164
192,[49.11656274943088],[61.049999999999976],dend,['L5PCtemplate[192].dend[36]'],-0.03881033894117536
193,"[40.46781262524572, 21.99791443707396, 31.611188481369112, 39.236865054279654]","[61.049999999999976, 61.049999999999976, 61.049999999999976, 61.049999999999976]",dend,"['L5PCtemplate[193].dend[81]', 'L5PCtemplate[193].dend[63]', 'L5PCtemplate[193].dend[46]', 'L5PCtemplate[193].dend[43]']",-0.23473965235183414
194,"[19.472293561258248, 45.30642964871635, 31.524097790919825]","[61.049999999999976, 61.049999999999976, 61.049999999999976]",dend,"['L5PCtemplate[194].dend[79]', 'L5PCtemplate[194].dend[6]', 'L5PCtemplate[194].dend[34]']",-0.20076671884368125
195,"[21.99791443707396, 31.611188481369112, 23.685120174334173, 46.95412193191092]","[61.049999999999976, 61.049999999999976, 61.049999999999976, 61.049999999999976]",dend,"['L5PCtemplate[195].dend[63]', 'L5PCtemplate[195].dend[46]', 'L5PCtemplate[195].dend[0]', 'L5PCtemplate[195].dend[8]']",-0.2956376344556588
196,[45.14137537724546],[61.049999999999976],dend,['L5PCtemplate[196].dend[78]'],-0.05083106780290336
197,"[53.117938220707586, 40.46781262524572, 43.55461003450599, 43.376657406909544]","[61.049999999999976, 61.049999999999976, 61.049999999999976, 61.049999999999976]",dend,"['L5PCtemplate[197].dend[48]', 'L5PCtemplate[197].dend[81]', 'L5PCtemplate[197].dend[25]', 'L5PCtemplate[197].dend[1]']",-0.21352202589781655
198,"[50.49431150301488, 40.46781262524572, 49.11656274943088]","[61.049999999999976, 61.049999999999976, 61.049999999999976]",dend,"['L5PCtemplate[198].dend[53]', 'L5PCtemplate[198].dend[81]', 'L5PCtemplate[198].dend[36]']",-0.15322693388242214
199,[38.4597066482708],[61.049999999999976],dend,['L5PCtemplate[199].dend[80]'],-0.03463480372971617
200,[25.153635303841966],[61.049999999999976],dend,['L5PCtemplate[200].dend[7]'],-0.0802977624431378
201,"[17.007759883768998, 49.484739032008434]","[61.049999999999976, 61.049999999999976]",dend,"['L5PCtemplate[201].dend[16]', 'L5PCtemplate[201].dend[18]']",-0.1449513001972491
202,"[31.71869765005929, 42.76233532979531]","[61.049999999999976, 61.049999999999976]",dend,"['L5PCtemplate[202].dend[78]', 'L5PCtemplate[202].dend[11]']",0.0
203,"[38.4597066482708, 52.04017135889184, 48.11568515762355]","[61.049999999999976, 61.049999999999976, 61.049999999999976]",dend,"['L5PCtemplate[203].dend[80]', 'L5PCtemplate[203].dend[35]', 'L5PCtemplate[203].dend[60]']",-0.1205942763832013
204,"[40.46781262524572, 39.236865054279654]","[61.049999999999976, 61.049999999999976]",dend,"['L5PCtemplate[204].dend[81]', 'L5PCtemplate[204].dend[43]']",-0.12689290733760572
205,[21.19770181309925],[61.049999999999976],dend,['L5PCtemplate[205].dend[39]'],-0.07871380853998744
206,"[19.134581469327554, 31.524097790919825, 21.19770181309925, 31.524097790919825, 38.26196533896829]","[61.049999999999976, 61.049999999999976, 61.049999999999976, 61.049999999999976, 61.049999999999976]",dend,"['L5PCtemplate[206].dend[42]', 'L5PCtemplate[206].dend[34]', 'L5PCtemplate[206].dend[39]', 'L5PCtemplate[206].dend[34]', 'L5PCtemplate[206].dend[52]']",-0.2828826170983234
207,[25.153635303841966],[61.049999999999976],dend,['L5PCtemplate[207].dend[7]'],-0.0802977624431378
208,"[31.71869765005929, 43.55461003450599]","[61.049999999999976, 61.049999999999976]",dend,"['L5PCtemplate[208].dend[78]', 'L5PCtemplate[208].dend[25]']",-0.12263022466925122
209,"[45.30642964871635, 43.55461003450599, 43.431583169161684]","[61.049999999999976, 61.049999999999976, 61.049999999999976]",dend,"['L5PCtemplate[209].dend[6]', 'L5PCtemplate[209].dend[25]', 'L5PCtemplate[209].dend[71]']",-0.10188314507786345
210,[43.431583169161684],[61.049999999999976],dend,['L5PCtemplate[210].dend[71]'],0.0
211,"[17.007759883768998, 38.4597066482708, 43.376657406909544, 23.685120174334173, 43.55461003450599]","[61.049999999999976, 61.049999999999976, 61.049999999999976, 61.049999999999976, 61.049999999999976]",dend,"['L5PCtemplate[211].dend[16]', 'L5PCtemplate[211].dend[80]', 'L5PCtemplate[211].dend[1]', 'L5PCtemplate[211].dend[0]', 'L5PCtemplate[211].dend[25]']",-0.30186381832635334
212,[17.007759883768998],[61.049999999999976],dend,['L5PCtemplate[212].dend[16]'],-0.10003566171263856
213,"[23.685120174334173, 31.524097790919825, 38.4597066482708]","[61.049999999999976, 61.049999999999976, 61.049999999999976]",dend,"['L5PCtemplate[213].dend[0]', 'L5PCtemplate[213].dend[34]', 'L5PCtemplate[213].dend[80]']",-0.1818544704221381
214,"[25.153635303841966, 40.42374332073766, 46.95412193191092]","[61.049999999999976, 61.049999999999976, 61.049999999999976]",dend,"['L5PCtemplate[214].dend[7]', 'L5PCtemplate[214].dend[39]', 'L5PCtemplate[214].dend[8]']",-0.09430385851487699
215,[23.685120174334173],[61.049999999999976],dend,['L5PCtemplate[215].dend[0]'],-0.08098565910188427
216,[45.30642964871635],[61.049999999999976],dend,['L5PCtemplate[216].dend[6]'],-0.042305107301388034
217,[43.55461003450599],[61.049999999999976],dend,['L5PCtemplate[217].dend[25]'],-0.05958161738561785
218,"[23.685120174334173, 49.484739032008434]","[61.049999999999976, 61.049999999999976]",dend,"['L5PCtemplate[218].dend[0]', 'L5PCtemplate[218].dend[18]']",-0.13263561784242484
219,[31.524097790919825],[61.049999999999976],dend,['L5PCtemplate[219].dend[34]'],-0.0667427632606632
220,"[39.236865054279654, 40.46781262524572, 43.376657406909544]","[61.049999999999976, 61.049999999999976, 61.049999999999976]",dend,"['L5PCtemplate[220].dend[43]', 'L5PCtemplate[220].dend[81]', 'L5PCtemplate[220].dend[1]']",-0.18081806911709464
221,"[39.236865054279654, 21.99791443707396]","[61.049999999999976, 61.049999999999976]",dend,"['L5PCtemplate[221].dend[43]', 'L5PCtemplate[221].dend[63]']",-0.1622673201538305
222,"[18.296019922873125, 43.431583169161684, 19.472293561258248]","[61.049999999999976, 61.049999999999976, 61.049999999999976]",dend,"['L5PCtemplate[222].dend[78]', 'L5PCtemplate[222].dend[71]', 'L5PCtemplate[222].dend[79]']",-0.24510512900519643
223,"[40.42374332073766, 21.19770181309925, 23.685120174334173]","[61.049999999999976, 61.049999999999976, 61.049999999999976]",dend,"['L5PCtemplate[223].dend[39]', 'L5PCtemplate[223].dend[39]', 'L5PCtemplate[223].dend[0]']",-0.12994865581390513
224,"[49.484739032008434, 39.236865054279654, 17.007759883768998]","[61.049999999999976, 61.049999999999976, 61.049999999999976]",dend,"['L5PCtemplate[224].dend[18]', 'L5PCtemplate[224].dend[43]', 'L5PCtemplate[224].dend[16]']",-0.1169065659610169
225,[19.472293561258248],[61.049999999999976],dend,['L5PCtemplate[225].dend[79]'],-0.09388619922816588
226,"[25.153635303841966, 31.611188481369112, 50.49431150301488, 21.19770181309925, 25.153635303841966]","[61.049999999999976, 61.049999999999976, 61.049999999999976, 61.049999999999976, 61.049999999999976]",dend,"['L5PCtemplate[226].dend[7]', 'L5PCtemplate[226].dend[46]', 'L5PCtemplate[226].dend[53]', 'L5PCtemplate[226].dend[39]', 'L5PCtemplate[226].dend[7]']",-0.31496506029924376
227,"[21.19770181309925, 39.236865054279654]","[61.049999999999976, 61.049999999999976]",dend,"['L5PCtemplate[227].dend[39]', 'L5PCtemplate[227].dend[43]']",-0.1409377911400611
228,"[45.30642964871635, 43.79339593421373, 48.11568515762355, 25.98002923331516, 43.431583169161684]","[61.049999999999976, 61.049999999999976, 61.049999999999976, 61.049999999999976, 61.049999999999976]",dend,"['L5PCtemplate[228].dend[6]', 'L5PCtemplate[228].dend[64]', 'L5PCtemplate[228].dend[60]', 'L5PCtemplate[228].dend[17]', 'L5PCtemplate[228].dend[71]']",-0.23731399336099912
229,"[54.42691513006233, 19.472293561258248]","[61.049999999999976, 61.049999999999976]",dend,"['L5PCtemplate[229].dend[51]', 'L5PCtemplate[229].dend[79]']",-0.11004678788708588
230,"[43.431583169161684, 31.611188481369112, 21.19770181309925]","[61.049999999999976, 61.049999999999976, 61.049999999999976]",dend,"['L5PCtemplate[230].dend[71]', 'L5PCtemplate[230].dend[46]', 'L5PCtemplate[230].dend[39]']",-0.21189418126681403
231,[43.55461003450599],[61.049999999999976],dend,['L5PCtemplate[231].dend[25]'],-0.05958161738561785
232,"[25.153635303841966, 19.472293561258248]","[61.049999999999976, 61.049999999999976]",dend,"['L5PCtemplate[232].dend[7]', 'L5PCtemplate[232].dend[79]']",-0.17381151264714845
233,[23.685120174334173],[61.049999999999976],dend,['L5PCtemplate[233].dend[0]'],-0.08098565910188427
234,[38.4597066482708],[61.049999999999976],dend,['L5PCtemplate[234].dend[80]'],-0.03463480372971617
235,"[43.376657406909544, 18.296019922873125, 25.153635303841966, 31.71869765005929, 31.524097790919825]","[61.049999999999976, 61.049999999999976, 61.049999999999976, 61.049999999999976, 61.049999999999976]",dend,"['L5PCtemplate[235].dend[1]', 'L5PCtemplate[235].dend[78]', 'L5PCtemplate[235].dend[7]', 'L5PCtemplate[235].dend[78]', 'L5PCtemplate[235].dend[34]']",-0.27873617639784243
236,[40.46781262524572],[61.049999999999976],dend,['L5PCtemplate[236].dend[81]'],-0.06392975705722392
237,[43.376657406909544],[61.049999999999976],dend,['L5PCtemplate[237].dend[1]'],-0.054146215541095444
238,[43.55461003450599],[61.049999999999976],dend,['L5PCtemplate[238].dend[25]'],-0.05958161738561785
239,[49.484739032008434],[61.049999999999976],dend,['L5PCtemplate[239].dend[18]'],-0.05306580112005577
240,"[53.117938220707586, 31.611188481369112]","[61.049999999999976, 61.049999999999976]",dend,"['L5PCtemplate[240].dend[48]', 'L5PCtemplate[240].dend[46]']",-0.09694791275194348
241,[21.99791443707396],[61.049999999999976],dend,['L5PCtemplate[241].dend[63]'],-0.10111435930610924
242,"[60.75370898766455, 43.431583169161684]","[61.049999999999976, 61.049999999999976]",dend,"['L5PCtemplate[242].dend[12]', 'L5PCtemplate[242].dend[71]']",-0.10523018475936396
243,"[49.484739032008434, 45.30642964871635, 25.98002923331516, 49.11656274943088]","[61.049999999999976, 61.049999999999976, 61.049999999999976, 61.049999999999976]",dend,"['L5PCtemplate[243].dend[18]', 'L5PCtemplate[243].dend[6]', 'L5PCtemplate[243].dend[17]', 'L5PCtemplate[243].dend[36]']",-0.14865923586455665
244,"[38.4597066482708, 25.153635303841966]","[61.049999999999976, 61.049999999999976]",dend,"['L5PCtemplate[244].dend[80]', 'L5PCtemplate[244].dend[7]']",-0.11487960305345268
245,"[40.42374332073766, 38.4597066482708, 21.99791443707396]","[61.049999999999976, 61.049999999999976, 61.049999999999976]",dend,"['L5PCtemplate[245].dend[39]', 'L5PCtemplate[245].dend[80]', 'L5PCtemplate[245].dend[63]']",-0.18389407003667202
246,"[31.524097790919825, 38.4597066482708, 31.71869765005929, 45.30642964871635, 54.42691513006233]","[61.049999999999976, 61.049999999999976, 61.049999999999976, 61.049999999999976, 61.049999999999976]",dend,"['L5PCtemplate[246].dend[34]', 'L5PCtemplate[246].dend[80]', 'L5PCtemplate[246].dend[78]', 'L5PCtemplate[246].dend[6]', 'L5PCtemplate[246].dend[51]']",-0.16131468660631754
247,"[21.99791443707396, 40.42374332073766]","[61.049999999999976, 61.049999999999976]",dend,"['L5PCtemplate[247].dend[63]', 'L5PCtemplate[247].dend[39]']",-0.1496060634906371
248,"[19.134581469327554, 18.296019922873125, 38.4597066482708]","[61.049999999999976, 61.049999999999976, 61.049999999999976]",dend,"['L5PCtemplate[248].dend[42]', 'L5PCtemplate[248].dend[78]', 'L5PCtemplate[248].dend[80]']",-0.2124431891232348
249,"[54.194117300567484, 49.484739032008434, 31.524097790919825, 53.117938220707586]","[61.049999999999976, 61.049999999999976, 61.049999999999976, 61.049999999999976]",dend,"['L5PCtemplate[249].dend[15]', 'L5PCtemplate[249].dend[18]', 'L5PCtemplate[249].dend[34]', 'L5PCtemplate[249].dend[48]']",-0.19018176914329388
250,[38.26196533896829],[61.049999999999976],dend,['L5PCtemplate[250].dend[52]'],-0.06355783708045237
251,"[23.685120174334173, 21.19770181309925, 25.98002923331516]","[61.049999999999976, 61.049999999999976, 61.049999999999976]",dend,"['L5PCtemplate[251].dend[0]', 'L5PCtemplate[251].dend[39]', 'L5PCtemplate[251].dend[17]']",-0.24082562215994585
252,"[49.484739032008434, 21.99791443707396, 19.134581469327554]","[61.049999999999976, 61.049999999999976, 61.049999999999976]",dend,"['L5PCtemplate[252].dend[18]', 'L5PCtemplate[252].dend[63]', 'L5PCtemplate[252].dend[42]']",-0.23956426077234028
253,[19.134581469327554],[61.049999999999976],dend,['L5PCtemplate[253].dend[42]'],-0.08836414744735066
254,"[40.42374332073766, 17.007759883768998, 43.55461003450599, 23.685120174334173]","[61.049999999999976, 61.049999999999976, 61.049999999999976, 61.049999999999976]",dend,"['L5PCtemplate[254].dend[39]', 'L5PCtemplate[254].dend[16]', 'L5PCtemplate[254].dend[25]', 'L5PCtemplate[254].dend[0]']",-0.2801049402975764
255,"[23.685120174334173, 31.611188481369112]","[61.049999999999976, 61.049999999999976]",dend,"['L5PCtemplate[255].dend[0]', 'L5PCtemplate[255].dend[46]']",-0.15198060414576275
