node_id,weight,is_basal,distance
0,5.326553159340364,True,58.80000945049108
1,4.750220972426486,True,181.51481678838496
2,5.473571595117276,True,79.64309539342642
3,6.409569064100101,True,28.926547520489446
4,4.668782458691124,True,119.91504187412954
5,4.668796282099495,True,124.22651882695367
6,6.474841834242149,True,113.51169473570297
7,5.593060306936666,True,49.55157285796632
8,4.4747929832431,True,71.27422792912816
9,5.370775309477339,True,63.301119270232086
10,4.479683359831775,True,93.46912029859365
11,4.477815894273674,True,113.76317324112968
12,5.087374643390161,True,62.72694017855532
13,3.448990001254948,True,113.0472009689077
14,3.5681635990511884,True,121.95013563955015
15,4.400516822498032,True,207.79176680222872
16,4.057106837185907,True,93.5441645114897
17,5.154127931706634,True,212.63891546292191
18,4.134519906253551,True,165.717089730046
19,3.775106083278224,True,142.7532841935195
20,6.343583484214383,True,90.40219026402741
21,4.675841092889387,True,134.42642315192342
22,4.929828220542725,True,86.51718678437285
23,3.7666432571179436,True,165.717089730046
24,4.414748995288156,True,147.97219290137295
25,4.968559546803238,True,80.37693276859449
26,3.9572670234563074,True,102.22766366291245
27,5.211564328092125,True,20.134016590779247
28,4.370186447277864,True,92.74642864935097
29,4.620585289479587,True,71.52870519354755
30,4.369344869256069,True,89.84034878738578
31,6.801677688544424,True,144.28244000797076
32,4.858315951944821,True,67.29114527673443
33,4.024402324749085,True,82.61164628632835
34,5.648925059228641,True,93.5441645114897
35,3.907730412851503,True,96.17391353811506
36,5.0570981617334985,True,60.97303151002624
37,3.4202559831425328,True,96.17391353811506
38,3.83281077926978,True,6.711338863593082
39,5.046163769608661,True,101.5682006027446
40,5.563917397322948,True,92.77452035731847
41,5.023017545485489,True,113.51169473570297
42,4.769634859966098,True,189.5936697994597
43,4.612750772176022,True,57.56891226754121
44,3.730292144329572,True,36.53100409834351
45,4.2772399360728235,True,52.790303224443775
46,4.481928942565003,True,57.39350862004895
47,5.893024625399407,True,51.57456201467107
48,5.181500816324563,True,80.80154406986614
49,3.5437164258242455,True,108.80400748193654
50,5.163279250332419,True,82.61164628632835
51,4.543417673796481,True,113.51169473570297
52,4.310477118291535,True,129.1311119728694
53,5.438138578574366,True,71.80523002674852
54,5.865327775499145,True,42.60943624128744
55,5.760790950714158,True,115.78483682116556
56,4.186143563155219,True,146.15131185613325
57,4.606010316730194,True,31.969928975225947
58,5.1699687752944925,True,105.3798689919605
59,5.806962436046524,True,97.10459178489663
60,4.466972117443318,True,94.71916441464427
61,4.709792693094636,True,109.88871146406075
62,3.9892668121694905,True,168.07610488531287
63,3.925131429227649,True,78.77698750020264
64,5.638727450087334,True,147.9378063009436
65,6.219645115764164,True,140.86298173117274
66,4.8073189622698385,True,153.07846253375894
67,5.836346400317955,True,33.72174858943631
68,5.1983647208991925,True,232.4923997726429
69,4.335269925702845,True,33.72174858943631
70,5.198139336593313,True,71.03772940960643
71,6.426939019731904,True,123.87919189949743
72,4.838791723600314,True,71.03772940960643
73,6.457851972956287,True,79.64309539342642
74,3.036411036514086,True,98.77383377738951
75,5.648270652143665,True,56.0962909842321
76,4.947212131610408,True,107.61363674633458
77,4.614494992928321,True,147.97219290137295
78,4.951419440723145,True,185.50334771529975
79,3.403090798053934,True,147.97219290137295
80,4.680991472994324,True,80.80154406986614
81,5.194125790067195,True,71.52870519354755
82,6.357607727383457,True,79.02932005821084
83,4.435587864034422,True,154.08441662894194
84,4.209402564036031,True,62.72694017855532
85,4.448816807788173,True,89.84034878738578
86,5.744318702206943,True,92.74642864935097
87,5.167626912881916,True,229.25217459289834
88,4.426406285193051,True,38.909630443734834
89,5.342478007829027,True,134.25403604946413
90,4.956169320589242,True,80.80154406986614
91,5.799740841565596,True,36.53100409834351
92,4.290985426740406,True,51.57456201467107
93,4.5907103617250575,True,202.03395010912504
94,4.53766454083829,True,146.55849223081717
95,3.7404014737694236,True,72.54478363776025
96,5.13730625185632,True,102.86625428968013
97,5.104922028099493,True,93.5441645114897
98,4.8746492399610055,True,192.7854311532009
99,4.668417258175345,True,12.100439115054128
100,3.7730185895520263,True,85.30890147664432
101,4.514371681434807,True,112.71105609621208
102,4.578265444079792,True,79.0987219129348
103,4.214124225195944,True,71.27422792912816
104,4.73054024721904,True,111.78294852910807
105,5.238280363919879,True,38.909630443734834
106,6.843397246830484,True,124.24559346468165
107,5.0259257746812604,True,26.677284279688244
108,5.101696344397783,True,37.90005797272839
109,4.805207687668182,True,26.87502558899076
110,3.4455763227006138,True,9.613020753819207
111,4.846924687246055,True,272.19936839208486
112,4.923344173620196,True,119.95741682616477
113,7.593948504361377,True,185.50334771529975
114,4.704103645118443,True,113.37149391431696
115,5.142336734161267,True,131.83800618209295
116,4.839764173757762,True,187.1470382954502
117,3.944666418650515,True,81.4869151146786
118,5.984811178217404,True,187.1470382954502
119,5.57744615525266,True,154.08441662894194
120,5.616912663703263,True,32.20871487493368
121,4.133503458724667,True,65.92292648213426
122,6.272083125126706,True,26.87502558899076
123,3.7822290525298103,True,102.30172579777407
124,5.413852188487862,True,119.91504187412954
125,7.229405849781041,True,97.7174744783455
126,4.073452023840172,True,93.5441645114897
127,4.397335488226728,True,204.97577545754106
128,4.958470343608635,True,190.00089791449244
129,4.447438166531469,True,146.55849223081717
130,3.682074922128116,True,96.17391353811506
131,4.930748273377695,True,146.5064624106181
132,4.021070407398564,True,55.32631133749281
133,5.304388662419225,True,204.97577545754106
134,4.126028371288344,True,82.61164628632835
135,6.440743969849146,True,124.24559346468165
136,4.228606955016435,True,38.909630443734834
137,4.59534945098332,True,146.15131185613325
138,5.639735688456321,True,146.15131185613325
139,3.900674951394303,True,146.5064624106181
140,5.074086616636638,True,67.28547907193476
141,6.16481763388829,True,124.83349460655464
142,3.644537389506068,True,113.51169473570297
143,5.035048692234907,True,49.55157285796632
144,5.103842722437218,True,175.73531834187935
145,5.607591938827773,True,140.47655014690483
146,3.8963957954904016,True,52.76348930809242
147,3.8381572165877293,True,91.84036588835127
148,5.350841836046304,True,181.51481678838496
149,5.138107152642223,True,50.62015957879467
150,5.0952071885076275,True,49.16902792838451
151,5.184145886047976,True,120.55640714255415
152,4.308065863033827,True,115.78483682116556
153,5.078475143041564,True,78.33432868204147
154,5.134483324591503,True,13.568954244561924
155,4.2814789840967755,True,31.84690210988164
156,6.8182528146577255,True,175.73531834187935
157,5.30461872122303,True,82.61164628632835
158,3.928603718820229,True,37.53188169015083
159,5.482329430686431,True,100.48972784888049
160,4.085115741725309,True,189.5936697994597
161,5.612915567716119,True,48.06510376909603
162,6.001859148151089,True,10.413233377793917
163,4.200159887640039,True,120.55640714255415
164,5.794232566538822,True,71.03772940960643
165,5.246533993453379,True,53.96577598965811
166,5.648431245548956,True,50.21529247441853
167,6.856500516562896,True,92.77452035731847
168,4.659332641496865,True,56.42606448749349
169,4.251176584158588,True,157.91618163420813
170,4.148344259745322,True,71.72968405757226
171,4.203851902706622,True,130.1569518804378
172,4.802906780633523,True,166.78606196673942
173,5.179196701745474,True,93.5441645114897
174,5.119336895885408,True,113.77197555694545
175,5.6536522849404,True,37.90005797272839
176,4.881588925132135,True,141.35586594416384
177,6.329739239284634,True,134.25403604946413
178,4.643169761765966,True,140.47655014690483
179,7.954090997922657,True,158.53747256709642
180,5.45187727258551,True,115.78483682116556
181,4.172621854177735,True,114.01349839418866
182,4.014846922285853,True,60.10757593967706
183,5.312890091256687,True,67.10190039076156
184,4.677792371459014,True,89.2792598131422
185,5.539422028000013,True,78.33432868204147
186,5.304049264594788,True,155.79666242468707
187,4.806609154817702,True,124.24559346468165
188,4.180427919065966,True,56.42606448749349
189,3.705935014943117,True,57.362804460875445
190,4.4933594866520234,True,154.68363515271324
191,5.683518781091781,True,42.60943624128744
192,5.061870342298881,True,91.39303930355608
193,3.890225457636099,True,20.134016590779247
194,5.024659816914313,True,98.77383377738951
195,5.220613059115124,True,7.549900410047511
196,4.152578530202866,True,72.50044089859955
197,5.007060690951285,True,31.969928975225947
198,4.921549648532774,True,57.56891226754121
199,3.962997069313114,True,91.1891722914988
200,5.194757915635744,True,57.362804460875445
201,5.388456139730495,True,189.5936697994597
202,5.92064545269301,True,40.455490299611796
203,5.889497136223181,True,200.0475264472507
204,3.7987592658924,True,136.87303654856086
205,4.11235910391046,True,100.48972784888049
206,5.344181538902578,True,101.5682006027446
207,5.342977608826811,True,48.06510376909603
208,5.344193508190141,True,155.79666242468707
209,8.0,True,67.28547907193476
210,5.398285728972309,True,148.4955728272904
211,5.976983545801388,True,5.423078824488954
212,5.784445166469402,True,211.92569094367207
213,5.477227816351825,True,89.84034878738578
214,4.600981885886659,True,115.20860053002528
215,5.584527976494995,True,197.14939309966306
216,4.2365668364198665,True,102.20982565494441
217,4.666538933907432,True,63.301119270232086
218,4.461988901583341,True,102.86625428968013
219,4.94259905085171,True,192.7854311532009
220,7.393164414323738,True,149.69266810633582
221,3.4777303254203575,True,142.7532841935195
222,5.5117789520519525,True,135.58176340503834
223,3.641099794824977,True,134.42642315192342
224,4.472810254688975,True,91.39303930355608
225,5.926947782408186,True,26.87502558899076
226,4.926941252299467,True,136.32979004368303
227,4.009888627417327,True,72.17758099881046
228,4.280743754653493,True,33.556694317965416
229,5.505160431888002,True,56.42606448749349
230,4.269130998413283,True,31.969928975225947
231,5.064029592518527,True,72.17758099881046
232,4.910346412498553,True,71.72968405757226
233,4.3302061587536365,True,136.87303654856086
234,7.169019369180991,True,42.60943624128744
235,5.459996373196337,True,119.91504187412954
236,3.3801090438841945,True,19.93941673163978
237,5.036701992707507,True,105.3798689919605
238,4.322258943334313,True,88.1412090040933
239,5.679455731533395,True,102.86625428968013
240,4.221545550378896,True,98.35953009158881
241,4.770419258005855,True,147.97219290137295
242,5.334506260459629,True,71.72968405757226
243,5.6931169658868095,True,55.32631133749281
244,3.9222374800734796,True,202.03395010912504
245,4.585051788410422,True,131.83800618209295
246,4.470380164601301,True,62.72694017855532
247,4.328856252688886,True,72.54478363776025
248,6.696006526012262,True,102.22766366291245
249,5.239159798239238,True,115.10920627478443
250,3.8796145458619566,True,180.1423199240221
251,5.746867506080716,True,121.44850567341882
252,7.140905630561541,True,101.41314056382029
253,5.866878385679306,True,157.79916937075365
254,3.7029135398330197,True,111.484162352645
255,4.462897863955654,True,186.33135901155904
256,6.120251021224484,True,76.06676173955462
257,4.286641429487608,True,81.4869151146786
258,5.2759840321745415,True,71.27422792912816
259,5.600326714927749,True,166.03091997305847
260,4.120446791140246,True,82.10324608782909
261,4.818154960171252,True,52.76348930809242
262,2.71445108090095,True,93.5441645114897
263,4.0486601258351875,True,134.25403604946413
264,4.653303357565289,True,52.790303224443775
265,3.8887914288921928,True,73.517857376868
266,6.537259855076617,True,107.61363674633458
267,3.7629815319404787,True,102.86625428968013
268,4.498605829579465,True,79.02932005821084
269,4.986349014315571,True,115.10920627478443
270,6.315758802760948,True,71.03772940960643
271,3.7591012847967753,True,164.95016124448486
272,6.006805714522216,True,102.56941196430554
273,4.87915197980403,True,71.27422792912816
274,4.080089280857509,True,72.50044089859955
275,5.2934096655924625,True,7.887612501978204
276,5.048164840740107,True,6.711338863593082
277,4.370518902207617,True,134.42642315192342
278,4.931850238534191,True,167.53225296240942
279,4.543228144350036,True,164.95016124448486
280,4.970885093921467,True,166.03091997305847
281,5.4878462137136435,True,31.84690210988164
282,6.482791640892767,True,96.17391353811506
283,3.895788170805093,True,71.87972849295411
284,7.154927054571992,True,141.35586594416384
285,3.42493607646225,True,49.16902792838451
286,4.738652308436453,True,109.76665111844841
287,5.415277948821508,True,179.3771606221082
288,5.123309315191541,True,48.77735360731422
289,4.352834238697046,True,80.37693276859449
290,4.6907515929021395,True,140.86298173117274
291,4.455847453260848,True,78.77698750020264
292,4.379080783945683,True,153.07846253375894
293,5.676556594298381,True,110.24129496935191
294,5.194034849047155,True,117.3596451065944
295,4.2980669084537,True,37.90005797272839
296,5.72797181214314,True,33.72174858943631
297,5.14767394953501,True,98.35953009158881
298,5.639069439867966,True,51.67326855518544
299,5.455773612294364,True,71.27422792912816
300,4.19386803371535,True,133.5835039930001
301,4.402188844407917,True,144.28244000797076
302,5.572781552186252,True,158.23198876856495
303,5.43685788076457,True,164.87095122088942
304,4.851832885490764,True,37.53188169015083
305,4.974301809516402,True,72.50044089859955
306,6.132131851888475,True,55.32631133749281
307,4.377338483624671,True,130.1569518804378
308,5.375171862887592,True,32.20871487493368
309,4.69577035359513,True,50.21529247441853
310,4.682672268381651,True,122.84779028589553
311,5.937460150805176,True,31.17765427051527
312,5.6518510578692585,True,164.87095122088942
313,5.639727977598944,True,207.79176680222872
314,6.162967976991491,True,52.790303224443775
315,4.888638566185471,True,97.10459178489663
316,5.50749921910045,True,93.323621337641
317,4.605134571740371,True,93.41207708060489
318,5.163355962369629,True,98.35953009158881
319,4.757183247437318,True,32.20871487493368
320,4.956096400631929,True,112.71105609621208
321,5.421961846890214,True,51.57456201467107
322,4.202024903307723,True,130.1569518804378
323,7.102671808012553,True,204.97577545754106
324,4.062095284222459,True,89.84034878738578
325,3.9124232156325522,True,67.29114527673443
326,6.001334532368605,True,118.57516345842417
327,5.617551624318899,True,171.83904321420079
328,5.450355949952884,True,127.08606448857589
329,5.4545110816973965,True,63.301119270232086
330,4.8594116686721565,True,200.0475264472507
331,4.142557892396249,True,93.46912029859365
332,4.9371918435649,True,57.56891226754121
333,4.310290780530238,True,189.5936697994597
334,5.806516964472919,True,165.717089730046
335,4.742694228600193,True,165.717089730046
336,4.196514370125203,True,62.20015719216611
337,4.595909439530798,True,19.93941673163978
338,5.246676419805159,True,102.86625428968013
339,4.399376552019146,True,135.58176340503834
340,4.1989950099967865,True,140.86298173117274
341,5.088957464474783,True,147.9378063009436
342,5.090131734946097,True,86.51718678437285
343,4.444657878139361,True,74.61145620828351
344,4.473531089663216,True,134.42642315192342
345,5.078288530664849,True,143.41054343021978
346,3.7508247011814273,True,71.72968405757226
347,3.7784025909907526,True,243.92063094202365
348,4.278319974146074,True,60.10757593967706
349,4.686249213689787,True,49.07462675905946
350,5.151024535955369,True,124.22651882695367
351,6.354698664715556,True,180.201908585632
352,5.6848112479107735,True,146.5064624106181
353,4.73168968708226,True,117.3596451065944
354,4.8534828573626285,True,155.79666242468707
355,4.0646512901824625,True,101.5682006027446
356,4.8539232092366795,True,88.1412090040933
357,4.62311509417214,True,51.57456201467107
358,5.162007998759128,True,131.83800618209295
359,4.195202463082374,True,26.87502558899076
360,5.348338247052863,True,91.39303930355608
361,6.420801726673221,True,111.484162352645
362,4.77556347249645,True,28.926547520489446
363,5.236071093112168,True,67.29114527673443
364,5.515640820536326,True,209.34391534641554
365,4.530213772287418,True,67.29114527673443
366,5.071006096109224,True,32.20871487493368
367,4.881228440950985,True,154.68363515271324
368,4.956704335652456,True,111.484162352645
369,4.236425822196082,True,154.08441662894194
370,4.891730818617225,True,119.95741682616477
371,5.327786846120346,True,139.5579343973581
372,6.327011065877248,True,197.14939309966306
373,5.789944347319733,True,185.37183781848302
374,7.180973374135652,True,67.10190039076156
375,4.2407539966296,True,94.71916441464427
376,5.699861746446285,True,134.42642315192342
377,5.033875787622212,True,49.07462675905946
378,7.228554942363006,True,67.29114527673443
379,4.209550838352616,True,124.24559346468165
380,4.185762851438517,True,76.16265304062347
381,4.371168599686651,True,67.29114527673443
382,3.3204444502300667,True,7.887612501978204
383,4.429604642456829,True,38.909630443734834
384,4.247041290394186,True,153.07846253375894
385,5.004053470490178,True,133.5835039930001
386,5.179760885098558,True,113.37149391431696
387,6.8310483024652235,True,94.71916441464427
388,5.780713958542556,True,149.69266810633582
389,4.388932775702196,True,154.68363515271324
390,4.141691150141785,True,79.02932005821084
391,5.321949088258492,True,119.91504187412954
392,3.8383118570163877,True,62.20015719216611
393,6.776187903248206,True,31.84690210988164
394,6.024463459121536,True,180.201908585632
395,4.47503406571395,True,49.07462675905946
396,3.5757540909926737,True,180.1423199240221
397,6.216989973597906,True,76.74503323270037
398,4.770588393975932,True,93.5441645114897
399,6.088222058868199,True,91.39303930355608
400,3.6531284422508907,True,154.68363515271324
401,4.371182491601305,True,134.25403604946413
402,4.8747637384339795,True,52.76348930809242
403,4.911594080392054,True,20.134016590779247
404,4.490483276580383,True,142.7532841935195
405,5.449107888387497,True,48.06510376909603
406,4.017216746454422,True,139.5579343973581
407,4.746696951398945,True,58.728402394296126
408,4.9769652635028425,True,78.33432868204147
409,5.34360673964424,True,180.201908585632
410,5.537039334645533,True,71.87972849295411
411,3.976117806358258,True,146.5064624106181
412,3.69308058058252,True,100.48972784888049
413,6.132145040751103,True,31.969928975225947
414,5.170948389352301,True,37.90005797272839
415,4.255203196617645,True,31.969928975225947
416,6.442158376910745,True,51.57456201467107
417,4.972819390772863,True,71.87972849295411
418,6.024308165728661,True,128.93045218271683
419,4.929819576026775,True,96.17391353811506
420,7.062260076420429,True,71.03772940960643
421,6.683805016816625,True,148.4955728272904
422,4.656328767453395,True,37.53188169015083
423,5.802802016879321,True,115.78483682116556
424,5.471289282203053,True,80.37693276859449
425,6.233559770439374,True,7.549900410047511
426,4.0923111142638895,True,148.4955728272904
427,5.511571477013795,True,100.48972784888049
428,5.894408777274187,True,53.56659445514235
429,3.5464659654422426,True,146.55849223081717
430,3.9343076608398073,True,82.10324608782909
431,3.3715312809746596,True,211.92569094367207
432,4.6391940136514656,True,97.10459178489663
433,5.542961341856234,True,211.92569094367207
434,6.38571757523709,True,71.72968405757226
435,4.935669722153424,True,119.91504187412954
436,6.532786408564,True,76.06676173955462
437,3.7970934661098177,True,146.55849223081717
438,3.5820483392396656,True,140.47655014690483
439,4.821612446478906,True,71.52870519354755
440,5.219434505403932,True,92.77452035731847
441,4.841524974942683,True,192.7854311532009
442,3.354422407700502,True,113.0472009689077
443,4.792508194257442,True,93.12662143233494
444,3.8492391513818185,True,72.50044089859955
445,5.495315398110261,True,160.74909293409297
446,5.20301880012064,True,113.37149391431696
447,4.110835523503661,True,129.1311119728694
448,4.439111561237276,True,28.883131565965677
449,4.023311938235347,True,111.484162352645
450,4.815415405956652,True,185.50334771529975
451,5.785635092461806,True,148.4955728272904
452,4.076987255036163,True,111.78294852910807
453,5.333601289985235,True,90.84697074540463
454,4.426009233632234,True,7.887612501978204
455,4.2212775023084745,True,71.73283671693486
456,4.777053457676782,True,154.08441662894194
457,4.040742409102648,True,57.56891226754121
458,4.407377437435761,True,56.42606448749349
459,3.9239485740747684,True,187.1470382954502
460,6.941016226397313,True,135.58176340503834
461,4.901226479782302,True,40.455490299611796
462,4.292786994026609,True,19.93941673163978
463,5.061766428593629,True,157.79916937075365
464,4.772491662772306,True,67.10190039076156
465,4.6798961005033055,True,157.91618163420813
466,5.440581533427982,True,28.839062261457613
467,5.583056247854009,True,224.44820319978237
468,4.42581485412876,True,232.4923997726429
469,4.389791974856603,True,67.10190039076156
470,4.634473693446312,True,65.92292648213426
471,3.2155332365066713,True,6.711338863593082
472,3.705705223331684,True,185.37183781848302
473,6.2315845873805555,True,120.55640714255415
474,6.552079903146295,True,121.44850567341882
475,4.656268398674308,True,157.79916937075365
476,5.403805049434948,True,119.95741682616477
477,5.151342792218772,True,28.883131565965677
478,8.0,True,167.8600336817114
479,5.959771961917475,True,28.839062261457613
480,4.759092898285947,True,121.95013563955015
481,4.099241786513065,True,166.03091997305847
482,3.645218978331961,True,49.16902792838451
483,5.052175760766312,True,93.323621337641
484,4.249172548576394,True,51.57456201467107
485,3.768338095128381,True,79.64309539342642
486,4.334133973184475,True,63.301119270232086
487,4.007139264575505,True,67.28547907193476
488,6.602103205563868,True,28.883131565965677
489,5.709449145643157,True,41.53325716142754
490,4.863158770916044,True,135.58176340503834
491,6.359958682831842,True,124.24559346468165
492,4.938584374950911,True,67.28547907193476
493,4.169517715494726,True,37.53188169015083
494,6.4096779762101885,True,76.06676173955462
495,5.367241171612491,True,135.58176340503834
496,4.039282450425249,True,48.06510376909603
497,4.705819558587459,True,177.52926412333355
498,4.158753307028982,True,111.78294852910807
499,3.795246205999054,True,83.0684993569543
500,5.755492267004461,True,57.362804460875445
501,6.872127629541782,True,19.93941673163978
502,3.784469364803252,True,92.74642864935097
503,5.390579581471081,True,157.79916937075365
504,4.330954169327982,True,176.90604313977178
505,4.46057140658164,True,113.0472009689077
506,4.376689207999914,True,98.35953009158881
507,4.167483038778601,True,93.12662143233494
508,4.912959265894651,True,31.969928975225947
509,4.192389589392244,True,9.613020753819207
510,5.113584733452061,True,71.80523002674852
511,4.826231550734637,True,160.74909293409297
512,4.664747199973934,True,98.77383377738951
513,4.134863217260079,True,101.5682006027446
514,4.389037513370622,True,114.01349839418866
515,5.580925653668381,True,160.99568346764488
516,5.33059212737523,True,185.63431763253527
517,4.082999277701377,True,121.96263895423468
518,4.958185042341217,True,85.30890147664432
519,5.576897080982936,True,187.1470382954502
520,3.6040647401341577,True,20.026507422089068
521,5.371550370064519,True,107.61363674633458
522,4.321606334958156,True,158.53747256709642
523,5.398001617375914,True,160.99568346764488
524,4.243881903601718,True,50.21529247441853
525,3.5170766922345664,True,19.93941673163978
526,3.6313770415044404,True,134.77991783290838
527,4.912572376147919,True,91.84036588835127
528,5.103695185466982,True,207.79176680222872
529,4.137285205994027,True,177.52926412333355
530,5.464600086861306,True,115.20860053002528
531,3.609193492642247,True,121.96263895423468
532,4.812463070739198,True,114.01349839418866
533,3.9146622273743197,True,88.1412090040933
534,4.330022053405388,True,42.60943624128744
535,4.911964413268329,True,128.93045218271683
536,4.170172582187595,True,60.10757593967706
537,4.543849285314067,True,171.83904321420079
538,5.839252033942981,True,52.790303224443775
539,4.388942104539909,True,33.556694317965416
540,5.662334498474953,True,12.100439115054128
541,3.9724877228944915,True,124.22651882695367
542,5.358434488081045,True,61.56871630850734
543,6.316095193156244,True,102.86625428968013
544,3.1186024800925383,True,71.27422792912816
545,4.218216450128028,True,93.5441645114897
546,5.4043071168529995,True,189.5936697994597
547,4.695048276754091,True,113.37149391431696
548,5.207287689861896,True,100.21407223177435
549,4.367549776448852,True,176.90604313977178
550,4.946804167330753,True,93.46912029859365
551,4.735327340155007,True,33.72174858943631
552,6.011810714367531,True,135.83421717990717
553,5.098817818293593,True,71.72968405757226
554,5.1758826119853545,True,171.83904321420079
555,4.52151591293672,True,229.25217459289834
556,4.460184622036788,True,72.50044089859955
557,4.504683468363083,True,54.53029344184919
558,5.229220481704635,True,131.85308325026222
559,4.514095571046483,True,231.54079239738087
560,5.131430763733045,True,96.17391353811506
561,7.080946966816828,True,55.32631133749281
562,5.698632550772185,True,90.40219026402741
563,4.592067166672404,True,142.7532841935195
564,6.048166396520474,True,65.92292648213426
565,4.524616865735609,True,91.84036588835127
566,3.3722048262486237,True,176.8134070164658
567,4.060579939843125,True,91.84036588835127
568,3.47551913370143,True,192.7854311532009
569,4.571006311398793,True,28.883131565965677
570,4.886359685970333,True,91.84036588835127
571,6.589370550793159,True,180.201908585632
572,5.16592758078605,True,178.98185404072942
573,4.681473827010715,True,108.99237721147267
574,5.655918607249813,True,7.887612501978204
575,3.2686128639474106,True,204.97577545754106
576,5.08155415996113,True,94.71916441464427
577,5.5965215602712455,True,231.54079239738087
578,3.7302489181727916,True,9.613020753819207
579,5.985816348982871,True,133.5835039930001
580,5.176716926552967,True,94.71916441464427
581,4.518735417765638,True,190.00089791449244
582,5.458876768966173,True,135.83421717990717
583,7.334776840197645,True,143.41054343021978
584,5.032536251972182,True,189.5936697994597
585,5.093119680047544,True,107.02094629270343
586,4.4829619388191935,True,56.0962909842321
587,4.178128646584248,True,57.56891226754121
588,5.656867525947103,True,79.02932005821084
589,4.173429912950047,True,133.5835039930001
590,4.933419558878873,True,98.77383377738951
591,4.468194184360053,True,89.38482071228987
592,5.30954476723082,True,52.790303224443775
593,5.172205691127443,True,113.76317324112968
594,5.872250081197675,True,224.44820319978237
595,4.442195193985969,True,50.62015957879467
596,4.638802397845087,True,108.80400748193654
597,4.082109534279105,True,142.37851480703435
598,4.495160175190382,True,40.455490299611796
599,5.213070652867586,True,90.40219026402741
600,5.5825336185421905,True,178.98185404072942
601,4.123989242119292,True,139.5579343973581
602,5.697071907734408,True,101.5682006027446
603,6.218969721217204,True,79.02932005821084
604,5.247152802540213,True,97.7174744783455
605,6.8318182655497095,True,160.87783771457129
606,4.235830386918217,True,127.08606448857589
607,3.8909860873632955,True,67.10190039076156
608,3.5337097393930375,True,50.712939465793546
609,6.3784518822526435,True,124.83349460655464
610,5.480166643067915,True,67.29114527673443
611,4.821580297991941,True,102.56941196430554
612,5.1223639813707065,True,51.67326855518544
613,3.9755105343986568,True,55.32631133749281
614,7.570033382976718,True,33.72174858943631
615,4.984982889012787,True,121.96263895423468
616,4.967190770857105,True,124.24559346468165
617,5.551188750742777,True,190.00089791449244
618,5.311488346597409,True,154.68363515271324
619,5.070815462206473,True,50.62015957879467
620,4.223103716973088,True,160.74909293409297
621,5.302357155618322,True,10.413233377793917
622,6.838263371315234,True,80.37693276859449
623,6.207520580805771,True,113.37149391431696
624,6.491179422713623,True,71.03772940960643
625,4.441234540048383,True,231.54079239738087
626,4.074136377816312,True,101.41314056382029
627,4.760921927641152,True,189.5936697994597
628,4.919345611509703,True,176.90604313977178
629,5.93255233037131,True,49.16902792838451
630,3.589108119104935,True,79.02932005821084
631,6.417110589890521,True,82.10324608782909
632,4.733337423739469,True,91.1891722914988
633,4.509297824493433,True,92.74642864935097
634,4.057638606877445,True,144.28244000797076
635,3.6135332252732058,True,49.07462675905946
636,5.649562490721919,True,147.97219290137295
637,4.934978322967141,True,90.84697074540463
638,3.8593239050772303,True,124.24559346468165
639,3.8557635209845476,True,138.12405750629893
640,4.583990645028661,True,31.84690210988164
641,6.580563968833497,True,105.36388274328051
642,4.647413321215969,True,109.76665111844841
643,3.7137656538441717,True,154.68363515271324
644,4.659034397829117,True,63.301119270232086
645,4.636419926831736,True,49.16902792838451
646,2.994461417457943,True,118.57516345842417
647,4.822701955701405,True,168.07610488531287
648,4.671493438451242,True,98.35953009158881
649,5.521674366788652,True,33.72174858943631
650,6.797603943215024,True,48.77735360731422
651,5.967289653478712,True,81.4869151146786
652,4.6396275342992785,True,82.10324608782909
653,3.9891294500034147,True,157.91618163420813
654,7.746262829097096,True,76.16265304062347
655,4.922445914786247,True,57.56891226754121
656,4.882405434573143,True,142.37851480703435
657,4.849013185284001,True,128.93045218271683
658,5.047277342493226,True,67.29114527673443
659,4.745001524915204,True,90.40219026402741
660,4.3914993179598,True,119.91504187412954
661,4.4127779605434165,True,76.16265304062347
662,4.841473877810193,True,147.97219290137295
663,4.4155117492812845,True,135.58176340503834
664,4.282641688084059,True,177.52926412333355
665,4.964535843838783,True,154.68363515271324
666,4.651282143501796,True,52.790303224443775
667,6.387601817718966,True,141.35586594416384
668,3.0193606877691677,True,181.51481678838496
669,5.929680734108562,True,80.37693276859449
670,6.097307743045817,True,154.68363515271324
671,3.3508260569453325,True,91.1891722914988
672,4.578287672731662,True,78.33432868204147
673,4.554608778599099,True,121.95013563955015
674,3.778369938009758,True,153.07846253375894
675,4.232754915191379,True,146.15131185613325
676,3.986216960571049,True,32.20871487493368
677,6.6801050746419675,True,155.79666242468707
678,5.765362182370172,True,109.88871146406075
679,6.125378865533574,True,177.52926412333355
680,5.547091151678545,True,177.52926412333355
681,3.972957056247421,True,102.20982565494441
682,4.430591128248574,True,158.53747256709642
683,5.319507407238761,True,98.77383377738951
684,3.906825535621537,True,109.88871146406075
685,5.538421066859702,True,97.7174744783455
686,4.663588648121675,True,119.95741682616477
687,4.551833385560665,True,185.37183781848302
688,5.536385406413455,True,49.07462675905946
689,5.276406395577169,True,71.80523002674852
690,4.563220689357281,True,120.55640714255415
691,6.002653915321439,True,158.53747256709642
692,4.0074895334317,True,155.79666242468707
693,5.44231739925034,True,177.52926412333355
694,5.419952076131423,True,92.74642864935097
695,4.605732833090547,True,124.83349460655464
696,5.1651875896489505,True,110.24129496935191
697,3.8864564847989325,True,93.5441645114897
698,5.753260545451018,True,71.72968405757226
699,4.710435576497179,True,252.34588408236388
700,4.4320273982984,True,19.93941673163978
701,5.8844087648827,True,37.90005797272839
702,4.289213227504918,True,164.87095122088942
703,3.777722936448333,True,186.33135901155904
704,3.6781156067234995,True,37.90005797272839
705,5.432584303183847,True,52.76348930809242
706,3.865963545034636,True,89.84034878738578
707,6.68314612121939,True,100.48972784888049
708,3.3456698535067053,True,100.48972784888049
709,6.613202979461502,True,76.16265304062347
710,5.059062888869988,True,115.78483682116556
711,4.785950069627333,True,88.89311401992047
712,4.414321983540665,True,144.28244000797076
713,5.23363955557743,True,67.29114527673443
714,4.837213674863631,True,73.65349200812297
715,5.942307406936287,True,147.9378063009436
716,4.971521892404445,True,91.1891722914988
717,5.003970424090115,True,113.76317324112968
718,4.561043672007893,False,929.2542428935708
719,4.820397050056492,False,1118.3939441676305
720,5.148140228161631,False,1257.268648655549
721,3.577667340052188,False,229.11284274631817
722,3.819011786447852,False,228.62456483452667
723,5.5687333409458954,False,198.53503697961713
724,5.022562060521065,False,1209.7518142895697
725,4.711216151534624,False,178.00769360404428
726,4.886373392302382,False,1152.0939234516848
727,5.185205720720328,False,153.79079279100125
728,4.418431231948175,False,1180.2491938889648
729,4.23238239135969,False,999.4725053933826
730,5.045239276617014,False,935.9098128605851
731,4.082397343441494,False,1074.1714437405794
732,5.242251323599093,False,999.4725053933826
733,3.5825644185561223,False,370.3677114463368
734,5.8633777040128745,False,1006.719625659151
735,5.303436976955918,False,1091.049323924149
736,5.100297457079327,False,390.95570979101336
737,5.814450676363695,False,1099.0214098042604
738,6.576355812353852,False,261.40941584632054
739,5.847764080433874,False,278.6123940869904
740,3.4943216702839313,False,300.0295102470013
741,3.8665578698998013,False,218.9052678639763
742,4.351171099705565,False,23.067805184264195
743,4.893125640759688,False,407.7356317207746
744,5.346710857431019,False,1291.3407804858778
745,4.2726916047060195,False,285.1203930732282
746,5.036985807608751,False,198.87706606116615
747,4.249914251973046,False,1277.6358290325768
748,4.361620723378325,False,185.54034000358251
749,3.7789495784235845,False,978.1961835990635
750,4.12319507520581,False,560.7546374613048
751,3.8166025619310866,False,826.475299998797
752,4.08423797625938,False,251.88318641152654
753,5.889326927715258,False,1083.9121104452595
754,4.103784535723495,False,435.4954622501011
755,7.829155867773058,False,178.00769360404428
756,5.323291716465858,False,1055.4967091537803
757,5.035232358444403,False,7.689268394754731
758,4.1717187853971724,False,415.5811250758776
759,5.525762114271008,False,701.196174477262
760,4.389934804647339,False,272.04448864980446
761,4.9785040752268115,False,718.0982550510398
762,7.727739790100657,False,1093.5974896360926
763,4.786513894947052,False,828.7538099625184
764,5.991777344482683,False,198.87706606116615
765,4.290116231239861,False,199.2765776057235
766,4.839522654516918,False,109.61395953485834
767,6.702465788063503,False,1092.8461783273788
768,4.349485517486678,False,185.54034000358251
769,6.752996627256983,False,220.33120192433705
770,5.533183297755757,False,1050.3529242391248
771,4.400374575109719,False,397.6009050421832
772,5.458508466752302,False,375.10062796783916
773,5.803831327907671,False,315.504747696643
774,5.448086003146587,False,206.34249908110985
775,3.669108479078721,False,523.0215424234623
776,4.271618090652095,False,678.393386449882
777,4.657542767783738,False,983.936383247501
778,4.805218508377513,False,1094.4784322897135
779,5.446968145280709,False,268.375618131959
780,5.028757382504231,False,430.2743466922844
781,3.827866031366848,False,1002.852720604086
782,5.215795272066979,False,268.375618131959
783,5.437069161385186,False,292.2619395995019
784,5.387490216397749,False,323.4991681754609
785,5.918221625804485,False,382.7309477643572
786,5.660527384134815,False,598.4877324991473
787,5.290619659746204,False,237.76800696791952
788,4.808918259720933,False,989.5767566056796
789,3.6095574415895304,False,345.5437955911924
790,5.262489141820431,False,950.7711877220763
791,5.056025839770694,False,397.6009050421832
792,5.114619549729168,False,1162.642684363218
793,3.8685306164578637,False,261.40941584632054
794,4.0074944386614515,False,78.84776026394385
795,5.88880764774304,False,274.65353007673485
796,4.835538654945583,False,1198.9237293693936
797,5.50705002415576,False,361.6404649747942
798,4.8950915069088365,False,433.5613451095721
799,4.896360914563454,False,915.5866560125513
800,5.768071760982815,False,254.71579173599775
801,4.437368440295471,False,1148.9330624883612
802,4.955314226530138,False,1237.6453147358725
803,4.4806063740503745,False,1092.8461783273788
804,4.5031093129178785,False,221.19210064780947
805,4.606043752756172,False,1237.7036091752939
806,5.069215143105767,False,279.0524779059387
807,4.467314999390562,False,946.6487843811171
808,6.1079511789384995,False,217.44535513829163
809,4.144535928148194,False,1260.4866067113692
810,4.70876279887511,False,998.2916735429963
811,4.498860117173481,False,1185.7106206661379
812,6.322259656120927,False,485.2884473856197
813,5.045884888686168,False,209.00172586466607
814,5.8662216723156755,False,221.12922338220824
815,3.725560231872369,False,348.82934079531805
816,5.1104441909815455,False,261.0883219287762
817,5.717683072288914,False,1203.9748377909941
818,4.942964387157538,False,1218.140083184599
819,5.9019140221265936,False,1110.3291373648224
820,4.436373271748633,False,938.3698984242012
821,6.279499877332981,False,7.689268394754731
822,7.372180895362729,False,989.5767566056796
823,4.561680081477372,False,238.50499249535164
824,4.49417997550332,False,306.9881950262975
825,6.329568470593889,False,274.65353007673485
826,6.475261432390104,False,348.82934079531805
827,4.431917892970965,False,250.36386680306208
828,4.514744980204156,False,168.02681472739755
829,4.6288498103921025,False,278.6123940869904
830,3.8215849898328185,False,1236.1844535761663
831,4.126603067294584,False,242.662758466112
832,4.063470260807865,False,1070.5211055398584
833,4.2404098554129135,False,1127.514438316098
834,4.839787637028632,False,246.3769556974712
835,5.080271497915128,False,874.811332740039
836,6.441401534678487,False,127.53474321407802
837,4.067713067229233,False,322.6863695025031
838,5.816161611264953,False,504.154994904541
839,4.685791437098733,False,1254.5855898376617
840,4.826905613426966,False,941.2816333385792
841,5.500418569609731,False,370.843278111122
842,3.9774948513843347,False,345.5437955911924
843,5.217876253857982,False,271.561810747133
844,5.018566243148288,False,835.6330633177893
845,5.322459799328106,False,198.87706606116615
846,5.130869797718605,False,1118.1848698079411
847,7.5830797034432775,False,1254.4805532083114
848,4.3410434978792996,False,1055.4967091537803
849,4.425419138318425,False,1041.6257397067811
850,4.352488063034817,False,261.90228906755715
851,4.405924866995475,False,1139.8829522426993
852,4.341319748463283,False,38.44634197377366
853,6.034876864528991,False,1186.137439028567
854,6.292147199151837,False,183.57215541590148
855,4.393809086055978,False,1237.7036091752939
856,4.191327109685245,False,407.7356317207746
857,5.3023066658268005,False,915.5866560125513
858,4.408511225042084,False,430.2743466922844
859,5.459024392973023,False,998.2916735429963
860,5.0516832202469155,False,159.3886274556159
861,3.7053356399918203,False,206.34249908110985
862,6.437922980666134,False,428.6888048288559
863,6.732845931467713,False,850.0134158767279
864,4.36062117961255,False,1199.4135689696923
865,4.541272025575376,False,152.17541214318874
866,5.127814172509877,False,316.780576530712
867,5.172946998535011,False,348.05826227590484
868,5.484297940740889,False,209.00172586466607
869,6.998179441328752,False,983.936383247501
870,4.717198031968827,False,217.44535513829163
871,4.217150062332681,False,291.7235056116256
872,3.797629155542487,False,699.3115335239252
873,4.268697250717958,False,764.9749922198903
874,4.8411476013629695,False,679.9365685630527
875,6.731243590826669,False,637.1087203119997
876,4.43611497949839,False,1005.7539099274884
877,5.0707276064243825,False,981.4378673562098
878,4.8557532782873905,False,146.62541004808963
879,6.034198585780528,False,1118.1848698079411
880,7.681675682583328,False,1070.5211055398584
881,4.425521440131,False,485.2884473856197
882,4.45871030173561,False,1027.899355367744
883,5.879265920116906,False,1118.3939441676305
884,5.507438153833197,False,246.28999482528098
885,6.794847752518751,False,892.5326277051466
886,5.4109933206345895,False,1260.4866067113692
887,4.564598560267229,False,1139.8829522426993
888,5.417561357116294,False,449.80354079607037
889,5.948098940686412,False,315.4057323432892
890,5.646824068224512,False,1076.0287736943717
891,5.336706649404644,False,938.3698984242012
892,5.903185342312719,False,657.7510533809408
893,6.013451877812985,False,950.7711877220763
894,6.248785494945524,False,1185.7106206661379
895,5.474579876517826,False,914.766627491346
896,4.725567184821331,False,315.4057323432892
897,5.000733501411739,False,1226.2275004723583
898,6.053944659271791,False,1214.5095852798288
899,4.202998799776178,False,941.2816333385792
900,5.2049662418780205,False,221.19210064780947
901,4.536657566103312,False,929.2542428935708
902,4.895467984350544,False,326.19180604980784
903,6.133002204634625,False,390.65694726900847
904,5.040922720918807,False,222.80277498993877
905,4.9111122068838755,False,160.80181175069316
906,3.8109822914430276,False,276.5973482992333
907,5.571736404806575,False,828.7538099625184
908,5.471396075599152,False,389.2894549159483
909,7.194029116483117,False,242.662758466112
910,4.607201749305635,False,234.94164194994175
911,5.0664884368125715,False,390.65694726900847
912,5.094188100267245,False,97.58351839570821
913,6.472787576490802,False,279.409913343998
914,4.787173749105386,False,293.72511049654685
915,5.121489146643184,False,950.7711877220763
916,5.43443292120365,False,1018.1472399801819
917,5.036842611506066,False,871.2730217909373
918,4.493425398249535,False,1160.1898406833636
919,5.043642472616026,False,679.9365685630527
920,5.910596417791405,False,1277.4448075219398
921,4.047106929281184,False,1041.6257397067811
922,4.98835392711785,False,915.5866560125513
923,4.292480970451297,False,234.94164194994175
924,6.041443237004681,False,847.6692610779423
925,3.700365501920127,False,308.50042402949515
926,4.4031886299112735,False,1070.5211055398584
927,5.2129873406742675,False,254.71579173599775
928,6.458877355840996,False,1070.5629204117963
929,4.812749081145565,False,375.10062796783916
930,4.406145439926332,False,252.43792876159188
931,6.837193722073593,False,277.37265099149954
932,3.7508723499979215,False,807.494204048309
933,3.2758887057310124,False,301.4545407597295
934,5.272364910240434,False,855.2221980289141
935,4.448578383680764,False,292.2619395995019
936,4.050964253907196,False,541.8880899423835
937,5.533786551636459,False,338.7640336085937
938,5.089061632499302,False,786.2345981340997
939,4.399095638454716,False,246.3769556974712
940,3.8660506632125644,False,430.2743466922844
941,5.700002256678807,False,373.1637297014595
942,5.476052419535265,False,287.7914423644421
943,4.783824922669277,False,1210.3865297665645
944,6.794761571375964,False,1224.674962500683
945,4.0154317990237836,False,637.4173567346339
946,3.698805433739935,False,1277.6358290325768
947,4.298843282362113,False,828.7538099625184
948,4.830282299637093,False,1070.5211055398584
949,5.088638315011776,False,271.561810747133
950,4.662822809487382,False,375.10062796783916
951,5.189390800820389,False,57.80774578329503
952,3.8861580234305846,False,297.05857089181666
953,6.318597037589769,False,504.154994904541
954,4.798535097062212,False,426.1818085256009
955,5.957322918324842,False,892.5326277051466
956,5.180666480267908,False,894.4004674511639
957,5.288304649999996,False,1083.9121104452595
958,5.3971923333413185,False,228.68324495631975
959,5.279685764670661,False,261.90228906755715
960,5.468671999313014,False,401.37191514036016
961,6.189336175670891,False,1205.969060569248
962,5.045854307107947,False,221.12922338220824
963,5.534432587819904,False,737.6873897621647
964,4.791976119585214,False,722.4557803914715
965,6.3144421770438965,False,679.9365685630527
966,4.310888903936192,False,915.5866560125513
967,6.73899601276803,False,1094.3529876738996
968,4.8350130145149475,False,287.7914423644421
969,3.762551496635007,False,178.00769360404428
970,4.9839790152213235,False,1139.8829522426993
971,4.307268085074364,False,407.7356317207746
972,5.667392946223243,False,159.3886274556159
973,4.329406860631548,False,978.1961835990635
974,4.493628137958882,False,106.6023932971325
975,3.4637875684908743,False,371.8791591875238
976,4.488668954998508,False,720.5054946030705
977,3.145582348142084,False,485.2884473856197
978,3.6600689150407946,False,598.4877324991473
979,5.585983899533061,False,1115.2255114830327
980,5.611615546818591,False,183.57215541590148
981,5.258541962845385,False,191.54068173122118
982,4.090796483998157,False,1039.2178944740972
983,4.8284312663109175,False,890.0571832362331
984,4.866992997481639,False,206.34249908110985
985,3.952010043684381,False,983.936383247501
986,6.3869168037350725,False,209.00172586466607
987,5.705046538897199,False,357.19279554455784
988,4.679900679697538,False,348.82934079531805
989,4.89382704082387,False,1260.4866067113692
990,5.05665969979127,False,100.38535693647617
991,3.3700099176485567,False,722.4557803914715
992,4.657829412085069,False,398.14375136306074
993,4.306543727576196,False,978.1961835990635
994,4.06531792627058,False,1139.8829522426993
995,4.62942109581953,False,279.409913343998
996,6.735042625395883,False,1041.6257397067811
997,5.466818300106838,False,159.3886274556159
998,4.3934662363894095,False,373.1637297014595
999,5.399933468443608,False,1050.3529242391248
1000,6.268194554144953,False,1144.2572420599809
1001,5.753890026113254,False,78.68545830929705
1002,4.922811613398701,False,855.2221980289141
1003,4.333849553981517,False,1237.7036091752939
1004,5.523683187753265,False,277.37265099149954
1005,5.2283088635183255,False,178.00769360404428
1006,5.723421575476186,False,1062.7689250760204
1007,5.461230081777263,False,228.62456483452667
1008,5.884985547071704,False,348.1837080398582
1009,4.4220379273487325,False,279.0524779059387
1010,6.176225324872206,False,1066.463439190578
1011,5.046835755549461,False,345.5437955911924
1012,7.080768284767994,False,466.4218998666984
1013,4.300952706099595,False,718.0982550510398
1014,6.660489278474952,False,160.74993135526256
1015,5.047118984665565,False,1271.3157916807506
1016,4.330348556708051,False,961.1531408358512
1017,4.463178151847609,False,379.6206850084887
1018,4.5967702929430825,False,1115.2255114830327
1019,5.257317221010998,False,1140.1304874777625
1020,5.351704523594708,False,325.6800249074053
1021,4.391469225486292,False,1185.7106206661379
1022,4.848812491743652,False,1148.9330624883612
1023,7.1668557721537995,False,239.1645277558311
1024,6.650382383805969,False,1094.4784322897135
1025,5.268856779921803,False,185.322001262835
1026,4.903648889038954,False,961.1531408358512
1027,4.976728040823197,False,291.7235056116256
1028,5.439945062338516,False,109.61395953485834
1029,4.049824926965452,False,352.1575702771404
1030,4.649269979001346,False,816.0439286066644
1031,3.604598534633616,False,271.36262574141193
1032,5.233721678471496,False,199.2765776057235
1033,5.473085365860265,False,168.85787607338563
1034,4.463741110215534,False,1277.6358290325768
1035,6.46874232563688,False,929.2542428935708
1036,3.9042632742903223,False,325.7488131054729
1037,3.7398214506917564,False,413.90625176268173
1038,5.071334725513187,False,332.62837617335435
1039,5.882381232398801,False,1110.3291373648224
1040,6.598277678423034,False,449.80354079607037
1041,4.483347299809748,False,679.9365685630527
1042,5.915980828579802,False,1226.2275004723583
1043,4.836451502300743,False,1070.5211055398584
1044,4.720874462248402,False,174.51198550036827
1045,5.71152960906932,False,988.1851939857677
1046,5.478148130259473,False,1234.6075591774136
1047,3.6650297922437653,False,228.68324495631975
1048,6.356055847417574,False,855.2221980289141
1049,6.246455872721879,False,202.2228039337794
1050,4.3505872261526175,False,413.90625176268173
1051,5.230495062870989,False,100.38535693647617
1052,5.323975563209579,False,915.5866560125513
1053,5.104570813524386,False,348.05826227590484
1054,4.410036286803677,False,324.692744909654
1055,4.314598029210889,False,416.32983516367796
1056,4.8477637282802615,False,637.4173567346339
1057,6.01717650603338,False,194.37240902339306
1058,5.371782830202041,False,1254.5855898376617
1059,4.555287733147859,False,890.0571832362331
1060,5.597362881291552,False,1210.3865297665645
1061,2.913672942541484,False,941.2816333385792
1062,5.9912288450896725,False,38.44634197377366
1063,3.558655257100356,False,78.68545830929705
1064,4.56200719925233,False,999.3393689683028
1065,3.979684771770162,False,285.1203930732282
1066,3.8560397931269024,False,345.3432287580049
1067,6.004274663981638,False,168.85787607338563
1068,4.476224158850069,False,272.04448864980446
1069,5.18419793531536,False,338.7640336085937
1070,4.829119899221638,False,7.689268394754731
1071,5.307688436243384,False,179.3326025306697
1072,4.938097741975703,False,409.8222573099346
1073,3.8641771362813957,False,291.7235056116256
1074,5.828703587766643,False,1152.0939234516848
1075,4.455240273721417,False,199.59568829830448
1076,3.678146965137958,False,413.90625176268173
1077,4.508294354560735,False,57.80774578329503
1078,6.383878414227873,False,1148.9330624883612
1079,5.677190973348123,False,1083.9121104452595
1080,4.573365656045743,False,1239.5981107117964
1081,4.572866227824815,False,1070.5629204117963
1082,4.595702890582066,False,430.2743466922844
1083,7.082667519164035,False,185.54034000358251
1084,5.217429961584189,False,272.04448864980446
1085,5.262891010358818,False,1165.4521807630276
1086,5.864570392813137,False,277.37265099149954
1087,5.084464251172813,False,1191.139127209115
1088,4.647873645935529,False,127.53474321407802
1089,4.700720904462164,False,1107.17190848369
1090,4.807673442855476,False,964.0433258686635
1091,4.837573503787164,False,276.5973482992333
1092,5.553054054966053,False,1140.1304874777625
1093,4.915994137398917,False,219.88547372996317
1094,5.558074112430097,False,301.4545407597295
1095,4.7997767257641,False,1180.2491938889648
1096,4.939712832082185,False,125.67107819383484
1097,3.396572121917567,False,185.54034000358251
1098,5.745277604865219,False,1145.1937408599174
1099,5.184183531991399,False,847.6692610779423
1100,5.83053635183513,False,541.8880899423835
1101,2.888709483046111,False,251.88318641152654
1102,7.097533928431654,False,413.90625176268173
1103,4.749085748507817,False,308.50042402949515
1104,5.947540348064115,False,135.0550346592369
1105,4.037345398833455,False,1142.309456045548
1106,5.439215143808671,False,1062.7689250760204
1107,4.027520972644826,False,254.93380911838182
1108,4.3519948103936965,False,835.6330633177893
1109,6.877849173751355,False,1058.4600577526508
1110,4.70552786520363,False,344.75225176959987
1111,5.064919441606849,False,989.5767566056796
1112,5.697546401211833,False,998.2916735429963
1113,5.325561657236191,False,297.05857089181666
1114,5.004076138641325,False,1076.0287736943717
1115,5.201482764913639,False,392.3170412752624
1116,7.512456072738647,False,1083.9121104452595
1117,4.819811882930226,False,263.8925450646383
1118,5.050021798318562,False,225.32479007165313
1119,5.8861548872173515,False,271.561810747133
1120,5.944691282178668,False,847.6692610779423
1121,6.032715560930537,False,207.00262310957737
1122,5.464735853712178,False,152.17541214318874
1123,3.9629723303180064,False,199.59568829830448
1124,6.538462755498688,False,1249.4061499971995
1125,3.9605856419094776,False,106.6023932971325
1126,5.143345935124632,False,153.79079279100125
1127,4.250762846101923,False,1217.7990112729292
1128,4.814148329874958,False,332.62837617335435
1129,5.167637444409251,False,1066.463439190578
1130,5.160740842691993,False,7.689268394754731
1131,5.255188952790713,False,371.9475017633403
1132,6.51525073686617,False,298.9964529809925
1133,5.285235650190908,False,786.2345981340997
1134,4.660367536135968,False,1127.514438316098
1135,5.794975609280922,False,428.6888048288559
1136,6.035370945660779,False,239.1645277558311
1137,3.9029664264273487,False,1094.3529876738996
1138,5.4241555545507385,False,786.2345981340997
1139,5.526622046749637,False,220.33120192433705
1140,4.615696699700517,False,199.59568829830448
1141,6.241518650391712,False,1198.9237293693936
1142,4.740130537478015,False,401.37191514036016
1143,4.981707350484018,False,1111.3975237666607
1144,4.720496022127682,False,323.4991681754609
1145,4.883858264095572,False,1239.5981107117964
1146,3.9965107845022656,False,390.95570979101336
1147,3.756262718137549,False,978.1961835990635
1148,6.492723009566756,False,929.2542428935708
1149,4.1803015434902555,False,1237.7036091752939
1150,4.0728232249460055,False,185.11096666463686
1151,3.302829651038337,False,1106.0958141438348
1152,4.34008711895428,False,398.14375136306074
1153,3.8363350132930476,False,435.4954622501011
1154,6.548592052325619,False,150.8393946264676
1155,5.842964497866804,False,279.0524779059387
1156,4.301757488817374,False,679.9365685630527
1157,7.31066671950058,False,308.50042402949515
1158,5.813480291482814,False,323.4991681754609
1159,4.59305454118441,False,1106.0958141438348
1160,3.1030281860860223,False,1257.268648655549
1161,7.361611471358572,False,382.7309477643572
1162,3.790613492208188,False,989.5767566056796
1163,3.6197019433907203,False,282.91069673635417
1164,5.856418558542055,False,323.4991681754609
1165,7.5618472308745,False,125.67107819383484
1166,6.251168058619287,False,1115.2255114830327
1167,5.391493363915478,False,1023.3226258692093
1168,5.4215681142717,False,150.8393946264676
1169,5.680461857362068,False,206.34249908110985
1170,5.5844870564753615,False,560.7546374613048
1171,5.123493697934428,False,1167.5451166745759
1172,4.962540479914262,False,938.3698984242012
1173,4.815490064148348,False,1115.2255114830327
1174,4.251001462654098,False,135.0550346592369
1175,4.629776113134544,False,1202.0503827989846
1176,3.5887895587238603,False,1186.219851261375
1177,4.784546418749603,False,392.3170412752624
1178,4.0748812588262995,False,199.2765776057235
1179,3.99124261425258,False,391.2159584847124
1180,5.030746734026926,False,1039.2178944740972
1181,6.2598879299258305,False,229.11284274631817
1182,5.747338734323035,False,970.8393746651541
1183,3.6689259330365918,False,966.6944351227979
1184,4.0741192464862515,False,371.9475017633403
1185,5.770659778044259,False,1018.1472399801819
1186,4.07936917497092,False,1237.7036091752939
1187,4.676805153850804,False,1213.1889350051506
1188,5.378036836754138,False,251.88318641152654
1189,4.089787147629933,False,315.4057323432892
1190,4.963591626991616,False,271.561810747133
1191,3.828776583682878,False,127.53474321407802
1192,4.369611976235275,False,390.95570979101336
1193,5.159274940270868,False,1036.821974566981
1194,3.654073251622772,False,1111.5209129141779
1195,5.272802583114458,False,911.2511443153783
1196,4.852938817813175,False,990.4358745892353
1197,5.3804017965634845,False,466.4218998666984
1198,5.070842997088915,False,146.98787721015685
1199,6.228513015301851,False,1214.5095852798288
1200,4.981391164223538,False,617.3542800180687
1201,4.507245353350536,False,179.3326025306697
1202,4.978762377985074,False,240.89388139876013
1203,5.3714901518099465,False,272.04448864980446
1204,4.9132591391526885,False,1234.6075591774136
1205,4.905938266096463,False,892.5326277051466
1206,4.291032945744639,False,805.2813389196517
1207,4.321390332200245,False,271.561810747133
1208,3.781714645866466,False,279.409913343998
1209,6.676860754859453,False,150.8393946264676
1210,3.891541506154581,False,254.71579173599775
1211,4.298070317024273,False,271.561810747133
1212,4.278348487777065,False,191.54068173122118
1213,5.723144089745293,False,345.3432287580049
1214,4.617872969448155,False,1226.2275004723583
1215,6.0991299205590845,False,935.9098128605851
1216,4.313145356647959,False,352.3971013062956
1217,5.1214638732153395,False,316.780576530712
1218,4.189066544062378,False,1070.5629204117963
1219,7.1705775018309765,False,950.7711877220763
1220,3.931229613360361,False,116.31927652747255
1221,5.15001500557574,False,116.31927652747255
1222,5.459856413203042,False,109.61395953485834
1223,5.247497444071691,False,276.5973482992333
1224,4.710108090898288,False,159.3886274556159
1225,4.757459809752531,False,379.6206850084887
1226,4.9087877818121575,False,718.0982550510398
1227,4.742741595595289,False,1160.1898406833636
1228,5.794758183578342,False,344.75225176959987
1229,7.255616383190579,False,950.7711877220763
1230,4.404324359186369,False,291.7235056116256
1231,3.8041521591768825,False,323.4991681754609
1232,4.793232516294371,False,261.40941584632054
1233,7.755138053954203,False,998.2916735429963
1234,4.2130624356010795,False,38.44634197377366
1235,6.545170032261812,False,989.5767566056796
1236,6.590872190889319,False,951.2428747410728
1237,4.407425973202877,False,1214.5095852798288
1238,5.396429093236447,False,308.7965861258825
1239,6.532528493474952,False,238.50499249535164
1240,4.548299256179778,False,390.95570979101336
1241,4.694595328681697,False,352.3971013062956
1242,4.385153164188554,False,168.85787607338563
1243,4.055698177677318,False,338.7640336085937
1244,4.332020455872799,False,191.54068173122118
1245,3.905548751296208,False,1085.745481101995
1246,4.900183519056175,False,970.0532296334934
1247,4.238746398973174,False,1020.482554337542
1248,5.07987863367756,False,218.9052678639763
1249,3.6786022009756287,False,1030.9178153150488
1250,5.169611507330705,False,1166.224967923465
1251,5.66012601516955,False,868.8632221570878
1252,3.3993082588667063,False,1224.674962500683
1253,5.210021819242029,False,279.0524779059387
1254,6.077090882019504,False,1181.0281266664551
1255,3.915633194698626,False,276.5973482992333
1256,6.584779307726681,False,941.2816333385792
1257,5.252439599746614,False,1118.3939441676305
1258,4.288696416309101,False,1170.2244952581495
1259,4.821419952937554,False,160.80181175069316
1260,5.386068447542373,False,370.3677114463368
1261,4.937370665172884,False,1160.1898406833636
1262,5.367092061584856,False,737.6873897621647
1263,4.1250988334769065,False,1008.6173134563271
1264,5.021199398675695,False,279.0524779059387
1265,3.7741457221343513,False,97.58351839570821
1266,4.7734402164527685,False,293.72511049654685
1267,4.137590370480691,False,998.2916735429963
1268,4.265157599658595,False,240.89388139876013
1269,6.086330415185236,False,1127.514438316098
1270,5.929470359311454,False,988.1851939857677
1271,5.435649905722318,False,263.8925450646383
1272,3.9993676022530513,False,1260.4866067113692
1273,4.6000367279298,False,935.9098128605851
1274,6.061142380316618,False,1166.224967923465
1275,4.9962292333373775,False,1237.704365920074
1276,7.399394833422859,False,220.33120192433705
1277,5.228150889600519,False,560.7546374613048
1278,5.041786473955466,False,150.8393946264676
1279,4.606089987056961,False,805.2813389196517
1280,4.988867837864778,False,835.6330633177893
1281,4.738067180059586,False,1030.004724396613
1282,5.533539288672044,False,160.74993135526256
1283,5.787263009530163,False,323.4991681754609
1284,4.226520881834044,False,504.154994904541
1285,3.8307052876842245,False,116.31927652747255
1286,3.4972650954344564,False,430.2743466922844
1287,5.337397042265323,False,786.2345981340997
1288,3.991402922246211,False,345.3432287580049
1289,3.303127198166995,False,786.2345981340997
1290,5.223684389524349,False,722.4557803914715
1291,7.634811022419839,False,219.2205526807773
1292,4.8648269332463245,False,285.4544595630963
1293,5.66519309074018,False,1130.1956475009772
1294,4.942559135272918,False,185.11096666463686
1295,4.78407184977223,False,340.9620050395369
1296,5.748126390027256,False,931.6463748169915
1297,4.621768043591445,False,338.7640336085937
1298,5.110759441592602,False,106.6023932971325
1299,5.1610578394433375,False,301.4545407597295
1300,4.317347875264915,False,315.4057323432892
1301,5.824264687901409,False,523.0215424234623
1302,4.7188890929844325,False,1023.3226258692093
1303,4.249636636576476,False,246.28999482528098
1304,5.364918428656455,False,1050.3529242391248
1305,4.14165133167892,False,159.3886274556159
1306,4.894970373060309,False,1185.7106206661379
1307,4.8621534854810475,False,279.409913343998
1308,5.923683229665353,False,219.88547372996317
1309,5.305446582083252,False,1240.427253505768
1310,4.848224580594728,False,1231.5353506427466
1311,5.644059002993167,False,368.0000880135067
1312,6.257862143056631,False,1224.674962500683
1313,5.38556667394464,False,333.9509245014693
1314,4.8792571825901385,False,308.47734225457793
1315,3.844128716241873,False,1171.8917246516655
1316,4.019033240017938,False,219.88547372996317
1317,4.60932389344341,False,185.54034000358251
1318,4.3631985799449655,False,1070.5629204117963
1319,4.708678170646815,False,109.61395953485834
1320,4.920166317856353,False,1145.1937408599174
1321,5.3583268149936725,False,277.56266703556594
1322,4.808629416608619,False,100.38535693647617
1323,5.316752045415956,False,871.2730217909373
1324,4.927113982494358,False,324.692744909654
1325,3.4105263598099578,False,315.4057323432892
1326,4.11123913185092,False,318.9404280560463
1327,4.745235019843299,False,254.93380911838182
1328,3.915595257432645,False,300.0295102470013
1329,5.4266296600071176,False,127.53474321407802
1330,6.418500062346867,False,598.4877324991473
1331,6.067336901957271,False,890.0571832362331
1332,4.686252831495189,False,116.31927652747255
1333,6.372337308174596,False,1214.5095852798288
1334,5.002495803725116,False,970.8393746651541
1335,4.582915028736009,False,1214.5095852798288
1336,4.360138376335718,False,1240.427253505768
1337,4.611614582383093,False,1102.1564599679584
1338,4.540882814245008,False,325.6800249074053
1339,5.02215518714096,False,457.08467273752046
1340,5.013248927638675,False,348.05826227590484
1341,4.872832088331654,False,699.3115335239252
1342,5.269440707485209,False,1191.139127209115
1343,6.036650842087309,False,239.1645277558311
1344,5.779807360363149,False,1186.137439028567
1345,3.726005311217506,False,1118.3939441676305
1346,3.072670508276487,False,352.3971013062956
1347,5.7639498925279256,False,1074.1714437405794
1348,3.8061588853173065,False,915.8688315543607
1349,4.676693610783511,False,1131.7457236091727
1350,3.9436457164034033,False,523.0215424234623
1351,3.5189176297109963,False,579.6211849802261
1352,5.369712581634318,False,981.4378673562098
1353,5.58471524412465,False,221.19210064780947
1354,4.389244051310696,False,1027.899355367744
1355,3.052169217881713,False,237.76800696791952
1356,4.413267006475341,False,261.4442000205738
1357,5.226723759178707,False,1036.821974566981
1358,3.7300300732810983,False,1240.427253505768
1359,5.033892050347846,False,1131.7457236091727
1360,4.856728066444825,False,1237.7036091752939
1361,5.406470600918096,False,1240.427253505768
1362,4.976323316582238,False,466.4218998666984
1363,4.086304040340579,False,805.2813389196517
1364,6.043104852738901,False,784.0873778405064
1365,4.7328921334949365,False,1159.4472349781743
1366,4.846233614307262,False,298.9964529809925
1367,4.115740163421375,False,390.95570979101336
1368,4.4959798400481645,False,220.33120192433705
1369,4.151870687292041,False,931.6463748169915
1370,4.720603086931904,False,1047.181397279161
1371,6.631418258758185,False,1070.5629204117963
1372,3.8027129908476804,False,199.2765776057235
1373,3.64054462817361,False,277.56266703556594
1374,6.349903369116991,False,316.780576530712
1375,4.689735369294155,False,1160.1898406833636
1376,4.316583137254922,False,308.7965861258825
1377,5.874754908015754,False,1041.6257397067811
1378,4.366265814210803,False,401.37191514036016
1379,6.769532266278876,False,478.6738832249398
1380,5.503500823707597,False,1191.139127209115
1381,4.459939151524209,False,228.62456483452667
1382,7.186318340636722,False,209.00172586466607
1383,4.366187558484593,False,1093.5974896360926
1384,5.567559745383334,False,935.9098128605851
1385,5.140246141173741,False,741.6994556822158
1386,6.158815345439636,False,1191.7703108328874
1387,6.454204875158429,False,892.5326277051466
1388,4.898346351945039,False,301.4545407597295
1389,4.2514206160896775,False,701.196174477262
1390,5.291375437762404,False,333.9509245014693
1391,4.309860429115144,False,868.8632221570878
1392,7.002197379008458,False,701.196174477262
1393,4.991562656093226,False,298.9964529809925
1394,4.559637876667787,False,185.54034000358251
1395,5.03509086798852,False,1185.7106206661379
1396,3.8197413101073985,False,1165.4521807630276
1397,4.087376344731837,False,135.0550346592369
1398,6.047293853823447,False,240.89388139876013
1399,4.32607400796128,False,1220.367900300167
1400,4.032248221131882,False,658.6769626488433
1401,5.365056697633015,False,999.4725053933826
1402,6.031272945942138,False,371.9475017633403
1403,5.544372051353274,False,938.3698984242012
1404,5.828473247946247,False,80.5224639611651
1405,4.248832060296467,False,127.53474321407802
1406,3.768639194277431,False,261.40941584632054
1407,6.384539123822228,False,185.11096666463686
1408,4.594837054601337,False,217.44535513829163
1409,4.654759685402855,False,720.5054946030705
1410,6.18826651847601,False,371.9475017633403
1411,5.384032039984563,False,1030.004724396613
1412,5.287479335134584,False,1170.3516866606244
1413,7.196296811331255,False,293.56998796578245
1414,4.336522227354017,False,370.3677114463368
1415,5.757218211635239,False,222.07617587232147
1416,4.92048860013546,False,326.19180604980784
1417,5.111865549545584,False,371.6867643809264
1418,6.415858665598488,False,342.67522499125874
1419,5.337247298900215,False,1111.3975237666607
1420,5.366646924605767,False,322.6863695025031
1421,5.909397996439905,False,323.4991681754609
1422,4.559941166549982,False,391.2159584847124
1423,4.186149493856463,False,679.9365685630527
1424,4.033776896238375,False,560.7546374613048
1425,3.416134154070454,False,325.7488131054729
1426,7.056479190918167,False,1257.268648655549
1427,3.991516828052509,False,106.6023932971325
1428,4.679656395671637,False,699.3115335239252
1429,4.633001597917993,False,199.2765776057235
1430,5.147773447255427,False,1239.5981107117964
1431,5.6419940543138,False,345.5437955911924
1432,5.6876967813304855,False,1254.4805532083114
1433,4.38404889423546,False,541.8880899423835
1434,4.72556408831548,False,983.936383247501
1435,5.124776829950247,False,1277.4448075219398
1436,4.65655803839886,False,737.6873897621647
1437,6.507775514008566,False,297.4238737419432
1438,5.321042931249656,False,219.88547372996317
1439,5.560317540361531,False,1191.139127209115
1440,5.488589118368372,False,961.1531408358512
1441,6.017984820695251,False,371.6867643809264
1442,5.031769683359385,False,1239.5981107117964
1443,3.8545446329718303,False,1210.3865297665645
1444,5.23416043011815,False,447.55535234777716
1445,4.330396280269986,False,323.4991681754609
1446,4.4273192145361,False,225.32479007165313
1447,5.413370798905072,False,1237.7036091752939
1448,6.088734564298659,False,1145.1937408599174
1449,4.88887461417729,False,220.33120192433705
1450,5.149097749902822,False,217.13909383854718
1451,6.62007444053903,False,915.5866560125513
1452,5.086265462629335,False,198.87706606116615
1453,7.785931026149042,False,160.80181175069316
1454,5.3930497987892405,False,457.08467273752046
1455,3.5451721641692133,False,1254.5698958794035
1456,5.578863159791679,False,1110.3291373648224
1457,5.216698853749143,False,741.6994556822158
1458,6.145514155525066,False,159.3886274556159
1459,5.498793846257564,False,598.4877324991473
1460,4.750056767546739,False,135.0550346592369
1461,3.9052966293316365,False,252.43792876159188
1462,4.689989457981302,False,737.6873897621647
1463,4.17761925349561,False,271.561810747133
1464,4.386068613327875,False,1240.427253505768
1465,5.415533041093338,False,1050.3529242391248
1466,6.581611928766956,False,701.196174477262
1467,5.229427378562075,False,371.8791591875238
1468,3.9253604743386017,False,1010.0323745133164
1469,5.276729322741333,False,268.375618131959
1470,6.0431702262160165,False,125.67107819383484
1471,4.362985578436443,False,1170.3516866606244
1472,4.75386073234586,False,1093.5974896360926
1473,4.8830736958618886,False,217.44535513829163
1474,4.2273526566402335,False,722.4557803914715
1475,5.474155894972234,False,835.6330633177893
1476,4.765078279023941,False,1041.6257397067811
1477,5.252925965329869,False,430.2743466922844
1478,4.149857423049433,False,1231.5353506427466
1479,4.500704458344473,False,324.731214534516
1480,5.547800755283094,False,390.65694726900847
1481,4.553465316898845,False,504.154994904541
1482,6.649687618404184,False,277.56266703556594
1483,4.531508298884175,False,298.9964529809925
1484,5.071547740851422,False,970.8393746651541
1485,5.762152826665846,False,168.85787607338563
1486,3.770981248443082,False,1113.9915436822744
1487,3.5451427207405093,False,168.02681472739755
1488,3.698717955470628,False,1074.1714437405794
1489,6.115476961330336,False,964.0433258686635
1490,4.408801343102729,False,1092.8461783273788
1491,7.725112882529163,False,1277.4448075219398
1492,4.398961591291964,False,998.2916735429963
1493,5.034973730061989,False,234.94164194994175
1494,6.431661997079772,False,135.0550346592369
1495,6.992992195249262,False,228.62456483452667
1496,7.063222556109965,False,342.67522499125874
1497,6.055972722172537,False,221.12922338220824
1498,5.857994656647022,False,277.37265099149954
1499,5.41939075035989,False,373.1637297014595
1500,5.604092174132428,False,637.1087203119997
1501,4.409336018551049,False,217.13909383854718
1502,4.20204142325994,False,401.37191514036016
1503,4.867193194052991,False,983.936383247501
1504,4.722954545939834,False,251.88318641152654
1505,4.4879228811436835,False,970.8393746651541
1506,5.5218546898564655,False,246.28999482528098
1507,5.785805051111743,False,826.475299998797
1508,4.948425495784543,False,97.58351839570821
1509,6.357190441099982,False,1115.2255114830327
1510,3.963912829814223,False,300.0295102470013
1511,4.703002200345066,False,371.8791591875238
1512,4.279571551239044,False,1220.8100762634333
1513,3.4781873037310866,False,1199.4135689696923
1514,4.798076895469564,False,1260.4866067113692
1515,4.764391404187671,False,1271.3157916807506
1516,6.398504840602267,False,1237.7036091752939
1517,5.456937540549106,False,194.37240902339306
1518,4.048806753612072,False,701.196174477262
1519,6.80390362298464,False,97.58351839570821
1520,6.069823251215308,False,1213.1889350051506
1521,5.409207378739903,False,198.87706606116615
1522,4.675244280047693,False,868.8632221570878
1523,4.096360556238854,False,1179.0115177136493
1524,4.553979713707496,False,1260.4866067113692
1525,5.92673189751447,False,225.32479007165313
1526,6.8414233892980025,False,338.7640336085937
1527,6.432976963655826,False,890.0571832362331
1528,4.4591847580304425,False,1005.567413599093
1529,3.979722423649903,False,206.34249908110985
1530,4.995480834296491,False,345.5437955911924
1531,3.5402675754213746,False,116.31927652747255
1532,5.162426144777246,False,221.0116992456999
1533,4.742227934390307,False,214.09181391526516
1534,4.477568190306419,False,961.1531408358512
1535,3.6529470043416152,False,1277.6358290325768
1536,5.342798539170253,False,1159.4472349781743
1537,4.424059496672562,False,225.32479007165313
1538,3.9437852503232893,False,150.8393946264676
1539,2.901235930317096,False,637.4173567346339
1540,4.846049762760475,False,914.766627491346
1541,6.704219845284659,False,1191.139127209115
1542,6.571358481668187,False,410.74515258849834
1543,4.4847931990318575,False,342.67522499125874
1544,4.368946606489072,False,894.4004674511639
1545,5.299781582158176,False,541.8880899423835
1546,4.067690034051274,False,293.72511049654685
1547,5.142563536552785,False,1085.745481101995
1548,5.591694289429823,False,929.2542428935708
1549,6.076284567015916,False,185.322001262835
1550,4.7829810695758495,False,191.54068173122118
1551,4.694516262310515,False,106.6023932971325
1552,4.156980441216772,False,185.322001262835
1553,4.195467717212269,False,915.8688315543607
1554,4.675248670248214,False,332.62837617335435
1555,5.203738787669745,False,251.29677670082174
1556,5.742436196440156,False,222.07617587232147
1557,4.213439018272357,False,929.2542428935708
1558,6.374592932812391,False,183.57215541590148
1559,4.637757918745587,False,318.9404280560463
1560,4.851425420056855,False,1148.9330624883612
1561,4.256181623599395,False,1131.7457236091727
1562,3.145377604289767,False,277.37265099149954
1563,5.711926656285932,False,1020.482554337542
1564,5.562289423678527,False,805.2813389196517
1565,4.629231361691293,False,871.2730217909373
1566,4.929350388074121,False,287.7914423644421
1567,5.345052819070979,False,373.1637297014595
1568,3.6741930556950537,False,998.2916735429963
1569,4.426971115801175,False,1023.3226258692093
1570,5.620188261972904,False,1115.2255114830327
1571,3.8842312001678776,False,1039.2178944740972
1572,5.1349328609023015,False,701.196174477262
1573,3.81323334087664,False,786.2345981340997
1574,5.297541463335159,False,146.98787721015685
1575,4.838952777341188,False,254.71579173599775
1576,3.639513727759783,False,348.05826227590484
1577,6.008512773298543,False,1179.0115177136493
1578,4.265879439048773,False,1244.5424593266582
1579,4.208067589297633,False,1260.4866067113692
1580,5.049539271341442,False,1240.427253505768
1581,5.991090167422664,False,250.36386680306208
1582,4.054919233910742,False,1039.2178944740972
1583,4.924631455579073,False,97.58351839570821
1584,5.261728327872971,False,217.44535513829163
1585,5.518587529355039,False,1115.2255114830327
1586,5.02761532656783,False,1115.2255114830327
1587,4.558235022933147,False,250.2224230937107
1588,4.194930653372354,False,106.6023932971325
1589,4.946406384879828,False,371.6867643809264
1590,4.013944491523027,False,1179.0115177136493
1591,2.8756655939763807,False,308.47734225457793
1592,5.2690811586250454,False,1055.4967091537803
1593,5.732451552919677,False,371.8791591875238
1594,3.1803470178135145,False,279.409913343998
1595,4.059375940974268,False,1237.704365920074
1596,5.445477353526229,False,678.393386449882
1597,7.058118895128388,False,1254.5855898376617
1598,4.888453310084401,False,146.62541004808963
1599,4.270951198939338,False,294.79711945283026
1600,4.712139700367864,False,183.57215541590148
1601,6.240584022748964,False,1271.3157916807506
1602,4.334609778952087,False,598.4877324991473
1603,4.21646962492481,False,199.2765776057235
1604,4.464097691003351,False,80.5224639611651
1605,4.100877242792523,False,371.9475017633403
1606,4.979097130295019,False,1277.4448075219398
1607,6.528149634960662,False,345.5437955911924
1608,5.162343806656654,False,1234.6075591774136
1609,4.653483491593441,False,308.50042402949515
1610,4.620487363594027,False,1111.3975237666607
1611,3.6737657284716363,False,941.2816333385792
1612,5.710962956650523,False,1130.1956475009772
1613,4.802269769108986,False,1209.7518142895697
1614,4.714193703576777,False,1115.2255114830327
1615,8.0,False,198.87706606116615
1616,5.139745888659215,False,251.88318641152654
1617,4.252668097069545,False,368.0000880135067
1618,4.509723541403298,False,261.0883219287762
1619,5.990883114379222,False,221.12922338220824
1620,4.97066373206933,False,342.67522499125874
1621,3.7574638958272004,False,911.8597014060244
1622,5.748284427766873,False,978.1961835990635
1623,4.317306117747286,False,1244.5424593266582
1624,6.827509823825162,False,1118.1848698079411
1625,5.917439707284377,False,261.90228906755715
1626,4.492705634854947,False,80.5224639611651
1627,6.135839291855679,False,951.2428747410728
1628,4.930119221848245,False,285.4544595630963
1629,5.679804333663803,False,1094.4784322897135
1630,5.315056306591791,False,617.3542800180687
1631,4.180757436619309,False,222.80277498993877
1632,4.336497512922452,False,277.37265099149954
1633,5.864229173519352,False,7.689268394754731
1634,4.584825150159564,False,478.6738832249398
1635,4.528230568544609,False,757.2765244732897
1636,4.099550708328766,False,1127.514438316098
1637,5.256779780601643,False,301.4545407597295
1638,7.064523656829033,False,1030.004724396613
1639,4.0172801492496655,False,168.02681472739755
1640,4.891474358964617,False,291.7235056116256
1641,6.282754399232704,False,915.8688315543607
1642,4.8007075002672455,False,1062.7689250760204
1643,5.284127725248279,False,678.393386449882
1644,4.021005277438293,False,150.8393946264676
1645,5.261244972383615,False,318.9404280560463
1646,4.708531298460105,False,150.8393946264676
1647,5.817638223845045,False,261.4442000205738
1648,6.033102607650055,False,191.54068173122118
1649,7.768932302404005,False,271.36262574141193
1650,5.406803747410436,False,325.6800249074053
1651,5.1648739579795775,False,360.74749068647543
1652,5.043910176990326,False,371.8791591875238
1653,4.569644031697949,False,1102.1564599679584
1654,5.1767051970512306,False,1010.0323745133164
1655,4.617496784356092,False,816.0439286066644
1656,5.020384623380153,False,318.9404280560463
1657,6.176451960408645,False,361.6404649747942
1658,4.061710570724478,False,1200.308547094566
1659,5.981634253514946,False,175.9143651579899
1660,6.175914575446986,False,911.2511443153783
1661,4.767553504789175,False,718.0982550510398
1662,3.321666752310862,False,1162.642684363218
1663,4.364528757816578,False,988.1851939857677
1664,6.153545430641222,False,868.8632221570878
1665,4.850112553106439,False,941.2816333385792
1666,4.0670175532837725,False,1214.5095852798288
1667,4.44639619929224,False,1186.137439028567
1668,5.6673689046895905,False,235.32065851253515
1669,5.374819205599728,False,333.9509245014693
1670,4.664760615981195,False,207.00262310957737
1671,4.558402251484479,False,1260.4866067113692
1672,4.5379509690487705,False,428.6888048288559
1673,4.123807136675492,False,1092.8461783273788
1674,6.517206678666304,False,229.11284274631817
1675,4.59513485285111,False,292.2619395995019
1676,6.065582799087506,False,1145.1937408599174
1677,6.407588360120858,False,401.37191514036016
1678,5.830852636247137,False,277.37265099149954
1679,4.5054454466467355,False,1005.7539099274884
1680,5.237977350590867,False,1030.004724396613
1681,4.848951517966374,False,308.50042402949515
1682,4.137743922963823,False,228.68324495631975
1683,5.163535615272617,False,250.2224230937107
1684,3.9373020688347893,False,379.6206850084887
1685,6.033421772805663,False,850.0134158767279
1686,4.478714334786956,False,312.6528179400382
1687,5.050076997222672,False,168.02681472739755
1688,5.125431140754183,False,1240.427253505768
1689,4.647988625882614,False,1041.6257397067811
1690,5.413692761312401,False,116.31927652747255
1691,4.470413746480472,False,449.80354079607037
1692,5.698809928771134,False,234.94164194994175
1693,3.820531244253787,False,261.40941584632054
1694,4.982428939591076,False,297.05857089181666
1695,6.908800757492989,False,1202.0503827989846
1696,4.066262831891359,False,199.59568829830448
1697,4.309837422026,False,950.7711877220763
1698,5.343095067190884,False,966.6944351227979
1699,5.030463343697841,False,1094.3529876738996
1700,5.18805708719797,False,234.94164194994175
1701,5.319327602031159,False,1260.4866067113692
1702,5.46078657188929,False,185.322001262835
1703,5.949167717616285,False,250.2224230937107
1704,5.243731931633324,False,637.4173567346339
1705,4.662804648757762,False,1041.6257397067811
1706,5.498191295312454,False,915.8688315543607
1707,6.8603211138021924,False,398.14375136306074
1708,4.755046914407853,False,617.3542800180687
1709,4.085227993628937,False,219.2205526807773
1710,5.94635831257278,False,523.0215424234623
1711,4.765565538313113,False,964.0433258686635
1712,3.291366019455531,False,23.067805184264195
1713,5.674324891804652,False,285.4544595630963
1714,4.421963782880444,False,360.74749068647543
1715,4.791286898411015,False,344.75225176959987
1716,5.170637227944098,False,348.05826227590484
1717,5.040377852840162,False,219.88547372996317
1718,5.534879809621463,False,344.75225176959987
1719,4.5023052902800895,False,246.28999482528098
1720,5.342322279281884,False,221.19210064780947
1721,4.647450763499325,False,229.11284274631817
1722,5.56426248068706,False,242.662758466112
1723,5.441759827814131,False,375.10062796783916
1724,4.11412926584983,False,1198.5758004491242
1725,5.9237756910921755,False,371.8791591875238
1726,4.421457214801078,False,466.4218998666984
1727,5.634185752304173,False,333.9509245014693
1728,5.203665407420008,False,370.843278111122
1729,6.784410934415773,False,894.4004674511639
1730,4.677789674425887,False,199.59568829830448
1731,4.57281749630233,False,722.4557803914715
1732,4.853129781517853,False,1002.852720604086
1733,4.611024056342352,False,185.11096666463686
1734,5.625945387354544,False,1167.5451166745759
1735,3.638740101584912,False,257.3652859282666
1736,4.027327151628099,False,983.936383247501
1737,4.017084538070627,False,292.2696335244743
1738,5.780592772579355,False,292.2619395995019
1739,6.630108724413485,False,261.4442000205738
1740,4.779277635794713,False,1199.4135689696923
1741,4.7241155333180505,False,357.19279554455784
1742,4.932072667813337,False,343.6602449410998
1743,6.005413375926154,False,1200.308547094566
1744,4.12013272713042,False,261.90228906755715
1745,5.084078988558575,False,191.54068173122118
1746,5.806598534859292,False,345.5437955911924
1747,5.33076226831863,False,56.985559682117945
1748,5.039543410576356,False,342.67522499125874
1749,5.833729530929123,False,457.08467273752046
1750,2.9910365565132366,False,1145.1937408599174
1751,5.503450650677322,False,1148.8703820877765
1752,4.328273557332168,False,1210.3865297665645
1753,3.5007814414135936,False,964.0433258686635
1754,5.340488967810941,False,360.74749068647543
1755,6.239213530839363,False,658.6769626488433
1756,4.750919878600192,False,219.88547372996317
1757,5.783269399101499,False,318.9404280560463
1758,6.513567205770945,False,306.9881950262975
